-- phpMyAdmin SQL Dump
-- version 3.5.1
-- http://www.phpmyadmin.net
--
-- Host: localhost
-- Generation Time: Jun 27, 2013 at 10:27 AM
-- Server version: 5.5.24-log
-- PHP Version: 5.4.3

SET SQL_MODE="NO_AUTO_VALUE_ON_ZERO";
SET time_zone = "+00:00";


/*!40101 SET @OLD_CHARACTER_SET_CLIENT=@@CHARACTER_SET_CLIENT */;
/*!40101 SET @OLD_CHARACTER_SET_RESULTS=@@CHARACTER_SET_RESULTS */;
/*!40101 SET @OLD_COLLATION_CONNECTION=@@COLLATION_CONNECTION */;
/*!40101 SET NAMES utf8 */;

--
-- Database: `etf_rfid`
--

-- --------------------------------------------------------

--
-- Table structure for table `kartice`
--

CREATE TABLE IF NOT EXISTS `kartice` (
  `id` int(11) NOT NULL AUTO_INCREMENT,
  `nastavnik_id` int(11) DEFAULT NULL,
  `student_id` int(11) DEFAULT NULL,
  `broj_kartice` varchar(20) COLLATE utf8_unicode_ci NOT NULL,
  `tip_kartice` int(11) NOT NULL,
  PRIMARY KEY (`id`),
  KEY `fk_ima` (`student_id`),
  KEY `fk_posjeduje` (`nastavnik_id`)
) ENGINE=InnoDB  DEFAULT CHARSET=utf8 COLLATE=utf8_unicode_ci AUTO_INCREMENT=141 ;

--
-- Dumping data for table `kartice`
--

INSERT INTO `kartice` (`id`, `nastavnik_id`, `student_id`, `broj_kartice`, `tip_kartice`) VALUES
(1, 58, NULL, '0002087395', 1),
(2, 5, NULL, '0009497791', 1),
(3, NULL, 137, '0004163538', 2),
(4, NULL, 49, '0005817914', 2),
(5, NULL, 274, '0004219409', 2),
(6, NULL, 27, '0002232292', 2),
(7, NULL, 79, '0006209662', 2),
(8, NULL, 178, '0006049820', 2),
(9, NULL, 240, '0009566082', 2),
(10, NULL, 97, '0004215930', 2),
(11, NULL, 43, '0006035264', 2),
(12, NULL, 283, '0005802381', 2),
(13, NULL, 125, '0004204718', 2),
(14, NULL, 304, '0006224304', 2),
(15, NULL, 151, '0004680533', 2),
(16, NULL, 51, '0004525772', 2),
(17, NULL, 328, '0009866713', 2),
(18, NULL, 186, '0006077784', 2),
(19, NULL, 320, '0004182689', 2),
(20, NULL, 258, '0005781410', 2),
(21, NULL, 157, '0004009542', 2),
(22, NULL, 149, '0004000510', 2),
(23, NULL, 171, '0004236125', 2),
(24, NULL, 56, '0006055761', 2),
(25, NULL, 212, '0005828460', 2),
(26, NULL, 339, '0005836820', 2),
(27, NULL, 222, '0006222884', 2),
(28, NULL, 34, '0005810446', 2),
(29, NULL, 38, '0002262759', 2),
(30, NULL, 314, '0009285132', 2),
(31, NULL, 110, '0006111619', 2),
(32, NULL, 128, '0004374811', 2),
(33, NULL, 324, '0002180145', 2),
(34, NULL, 300, '0006085209', 2),
(35, NULL, 61, '0006180171', 2),
(36, NULL, 228, '0002895548', 2),
(37, NULL, 156, '0006202762', 2),
(38, NULL, 241, '0006113177', 2),
(39, NULL, 189, '0005832083', 2),
(40, NULL, 158, '0002288656', 2),
(41, NULL, 132, '0005806097', 2),
(42, NULL, 238, '0004215446', 2),
(43, NULL, 142, '0004666947', 2),
(44, NULL, 278, '0006073261', 2),
(45, NULL, 338, '0002373467', 2),
(46, NULL, 284, '0006179973', 2),
(47, NULL, 206, '0004153238', 2),
(48, NULL, 257, '0006174662', 2),
(49, NULL, 69, '0004126525', 2),
(50, NULL, 256, '0006043928', 2),
(51, NULL, 269, '0004228629', 2),
(52, 12, NULL, '0004573056', 1),
(53, NULL, 311, '0006089985', 2),
(54, NULL, 235, '0002265513', 2),
(55, NULL, 1, '0007736260', 2),
(56, NULL, 105, '0006109006', 2),
(57, NULL, 273, '0004438283', 2),
(58, NULL, 67, '0003992367', 2),
(59, NULL, 7, '0003997975', 2),
(60, NULL, 131, '0006042248', 2),
(61, NULL, 100, '0004158239', 2),
(62, NULL, 264, '0004199643', 2),
(63, NULL, 45, '0004233851', 2),
(64, NULL, 122, '0006045115', 2),
(65, NULL, 47, '0005827123', 2),
(66, NULL, 10, '0005836494', 2),
(67, NULL, 141, '0006180153', 2),
(68, NULL, 30, '0006180997', 2),
(69, NULL, 134, '0004374729', 2),
(70, NULL, 31, '0004402114', 2),
(71, NULL, 102, '0003999164', 2),
(72, NULL, 16, '0004056229', 2),
(73, NULL, 24, '0006182319', 2),
(74, NULL, 271, '0005822275', 2),
(75, NULL, 199, '0006190921', 2),
(76, NULL, 153, '0006055399', 2),
(77, NULL, 334, '0004189539', 2),
(78, NULL, 267, '0006202784', 2),
(79, NULL, 166, '0003997347', 2),
(80, NULL, 193, '0005816520', 2),
(81, NULL, 211, '0006035284', 2),
(82, NULL, 214, '0005828085', 2),
(83, NULL, 260, '0004111825', 2),
(84, NULL, 36, '0005785859', 2),
(85, NULL, 179, '0006193555', 2),
(86, NULL, 220, '0006042566', 2),
(87, NULL, 229, '0005826226', 2),
(88, NULL, 162, '0003999145', 2),
(89, NULL, 247, '0002597656', 2),
(90, NULL, 236, '0004060607', 2),
(91, NULL, 4, '0006182325', 2),
(92, NULL, 152, '0006050584', 2),
(93, NULL, 321, '0005806730', 2),
(94, NULL, 263, '0005792126', 2),
(95, NULL, 231, '0004014883', 2),
(96, NULL, 57, '0003985273', 2),
(97, NULL, 165, '0004205140', 2),
(98, NULL, 54, '0005824717', 2),
(99, NULL, 85, '0006042593', 2),
(100, NULL, 148, '0006083785', 2),
(101, NULL, 139, '0004430727', 2),
(102, NULL, 301, '0005791605', 2),
(103, NULL, 306, '0004034643', 2),
(104, NULL, 315, '0006049811', 2),
(105, NULL, 92, '0004375398', 2),
(106, NULL, 3, '0004002027', 2),
(107, NULL, 86, '0005839431', 2),
(108, NULL, 90, '0005809766', 2),
(109, NULL, 302, '0004206828', 2),
(110, NULL, 303, '0002276300', 2),
(111, NULL, 291, '0004198027', 2),
(112, NULL, 225, '0005840205', 2),
(113, NULL, 326, '0004189358', 2),
(114, NULL, 250, '0005790589', 2),
(115, NULL, 272, '0004374802', 2),
(116, NULL, 183, '0004116167', 2),
(117, NULL, 259, '0005833223', 2),
(118, NULL, 232, '0004319224', 2),
(119, NULL, 262, '0005834248', 2),
(120, NULL, 194, '0004205671', 2),
(121, NULL, 224, '0004105379', 2),
(122, NULL, 208, '0006043952', 2),
(123, NULL, 91, '0004372055', 2),
(124, NULL, 29, '0004064813', 2),
(125, NULL, 14, '0002365630', 2),
(126, NULL, 13, '0004105931', 2),
(127, 62, NULL, '0004223046', 1),
(128, NULL, 160, '0004223049', 2),
(129, NULL, 308, '0005781413', 2),
(130, NULL, 342, '0006202984', 2),
(131, NULL, 287, '0003018240', 2),
(132, NULL, 177, '0005791923', 2),
(133, NULL, 197, '0005782538', 2),
(134, NULL, 93, '0006223040', 2),
(135, NULL, 204, '0005901887', 2),
(136, NULL, 345, '0006204433', 2),
(137, NULL, 78, '0005827585', 2),
(138, NULL, 103, '0004022021', 2),
(139, NULL, 282, '0006209616', 2),
(140, NULL, 337, '0002755144', 2);

-- --------------------------------------------------------

--
-- Table structure for table `nastava`
--

CREATE TABLE IF NOT EXISTS `nastava` (
  `id` bigint(20) NOT NULL AUTO_INCREMENT,
  `resursi_id` int(11) DEFAULT NULL,
  `nastavnik_id` int(11) DEFAULT NULL,
  `predmet_id` int(11) DEFAULT NULL,
  `broj_casova` int(11) DEFAULT NULL,
  `datum` date NOT NULL,
  `vrijeme` time NOT NULL,
  PRIMARY KEY (`id`),
  KEY `fk_odrzava_u` (`resursi_id`),
  KEY `fk_predaje` (`nastavnik_id`),
  KEY `fk_se_odrzava` (`predmet_id`)
) ENGINE=InnoDB  DEFAULT CHARSET=utf8 COLLATE=utf8_unicode_ci AUTO_INCREMENT=159 ;

--
-- Dumping data for table `nastava`
--

INSERT INTO `nastava` (`id`, `resursi_id`, `nastavnik_id`, `predmet_id`, `broj_casova`, `datum`, `vrijeme`) VALUES
(1, 4, 5, 1, NULL, '2012-12-12', '11:33:07'),
(2, 4, 5, 1, NULL, '2012-12-12', '13:46:29'),
(3, 2, 58, 1, NULL, '2012-12-14', '09:05:27'),
(4, 4, 5, 1, NULL, '2012-12-17', '08:17:40'),
(5, 4, 58, 1, NULL, '2012-12-17', '12:23:06'),
(6, 4, 58, 1, NULL, '2012-12-17', '12:36:13'),
(7, 4, 12, 1, NULL, '2012-12-17', '13:51:23'),
(8, 4, 12, 1, NULL, '2012-12-17', '15:37:38'),
(9, 4, 5, 1, NULL, '2012-12-18', '08:15:58'),
(10, 4, 58, 1, NULL, '2012-12-24', '08:38:11'),
(11, 4, 58, 1, NULL, '2012-12-24', '09:31:26'),
(12, 4, 12, 1, NULL, '2012-12-24', '13:29:10'),
(13, 4, 12, 1, NULL, '2012-12-25', '10:05:53'),
(14, 4, 12, 1, NULL, '2012-12-25', '11:45:21'),
(15, 4, 12, 1, NULL, '2012-12-25', '13:36:02'),
(16, 4, 5, 1, NULL, '2012-12-26', '09:19:34'),
(17, 4, 5, 1, NULL, '2012-12-26', '11:04:25'),
(18, 4, 5, 1, NULL, '2013-01-15', '10:05:37'),
(19, 4, 5, 1, NULL, '2013-01-15', '14:17:59'),
(20, 4, 58, 1, NULL, '2013-02-01', '10:16:08'),
(21, 4, 58, 1, NULL, '2013-02-01', '11:56:21'),
(22, 4, 58, 1, NULL, '2013-02-01', '13:16:07'),
(23, 4, 58, 1, NULL, '2013-02-01', '14:20:46'),
(24, 4, 5, 1, NULL, '2013-02-04', '08:15:07'),
(25, 4, 5, 1, NULL, '2013-02-04', '09:16:03'),
(26, 4, 5, 1, NULL, '2013-02-04', '10:18:41'),
(27, 4, 5, 1, NULL, '2013-02-04', '11:11:31'),
(28, 4, 58, 1, NULL, '2013-02-04', '12:30:01'),
(29, 4, 58, 1, NULL, '2013-02-04', '13:58:08'),
(30, 4, 58, 1, NULL, '2013-02-04', '15:05:06'),
(31, 4, 58, 1, NULL, '2013-02-16', '13:04:13'),
(32, 4, 62, 1, NULL, '2013-02-25', '10:12:45'),
(33, 4, 62, 1, NULL, '2013-02-25', '12:02:16'),
(34, 4, 62, 1, NULL, '2013-02-25', '13:35:25'),
(35, 4, 58, 1, NULL, '2013-02-25', '15:23:31'),
(36, 4, 58, 1, NULL, '2013-02-26', '08:59:28'),
(37, 4, 12, 1, NULL, '2013-02-27', '08:12:04'),
(38, 4, 12, 1, NULL, '2013-02-27', '10:05:13'),
(39, 4, 12, 1, NULL, '2013-02-27', '11:53:41'),
(40, 4, 5, 1, NULL, '2013-02-28', '10:06:51'),
(41, 4, 62, 1, NULL, '2013-02-28', '11:15:07'),
(42, 4, 5, 1, NULL, '2013-03-01', '10:06:37'),
(43, 4, 5, 1, NULL, '2013-03-01', '12:01:23'),
(44, 4, 12, 1, NULL, '2013-03-06', '08:14:47'),
(45, 4, 12, 1, NULL, '2013-03-06', '10:07:44'),
(46, 4, 12, 1, NULL, '2013-03-06', '11:54:34'),
(47, 4, 62, 1, NULL, '2013-03-08', '10:06:31'),
(48, 4, 62, 1, NULL, '2013-03-08', '13:30:15'),
(49, 4, 62, 1, NULL, '2013-03-11', '08:16:50'),
(50, 4, 62, 1, NULL, '2013-03-11', '11:05:14'),
(51, 4, 62, 1, NULL, '2013-03-12', '10:07:49'),
(52, 4, 12, 1, NULL, '2013-03-13', '08:17:40'),
(53, 4, 12, 1, NULL, '2013-03-13', '10:05:23'),
(54, 4, 12, 1, NULL, '2013-03-13', '11:53:42'),
(55, 4, 5, 1, NULL, '2013-03-14', '10:05:54'),
(56, 4, 5, 1, NULL, '2013-03-14', '11:58:03'),
(57, 4, 5, 1, NULL, '2013-03-15', '10:00:52'),
(58, 4, 5, 1, NULL, '2013-03-15', '12:00:21'),
(59, 4, 62, 1, NULL, '2013-03-25', '09:21:36'),
(60, 4, 62, 1, NULL, '2013-03-25', '11:10:19'),
(61, 4, 62, 1, NULL, '2013-03-26', '10:14:49'),
(62, 4, 12, 1, NULL, '2013-03-27', '08:15:56'),
(63, 4, 12, 1, NULL, '2013-03-27', '10:03:14'),
(64, 4, 12, 1, NULL, '2013-03-27', '11:55:04'),
(65, 4, 5, 1, NULL, '2013-03-28', '10:05:50'),
(66, 4, 5, 1, NULL, '2013-03-28', '11:59:42'),
(67, 4, 5, 1, NULL, '2013-03-29', '10:02:44'),
(68, 4, 5, 1, NULL, '2013-03-29', '12:01:52'),
(69, 4, 62, 1, NULL, '2013-03-30', '09:04:05'),
(70, 4, 62, 1, NULL, '2013-03-30', '12:01:25'),
(71, 4, 12, 1, NULL, '2013-04-03', '08:13:40'),
(72, 4, 12, 1, NULL, '2013-04-03', '10:05:41'),
(73, 4, 12, 1, NULL, '2013-04-03', '11:52:35'),
(74, 4, 5, 1, NULL, '2013-04-04', '13:31:20'),
(75, 4, 5, 1, NULL, '2013-04-04', '14:25:50'),
(76, 4, 5, 1, NULL, '2013-04-05', '10:06:50'),
(77, 4, 5, 1, NULL, '2013-04-05', '13:27:30'),
(78, 4, 62, 1, NULL, '2013-04-08', '09:16:14'),
(79, 4, 62, 1, NULL, '2013-04-08', '11:01:48'),
(80, 4, 62, 1, NULL, '2013-04-09', '11:55:59'),
(81, 4, 5, 1, NULL, '2013-04-09', '14:48:36'),
(82, 4, 12, 1, NULL, '2013-04-10', '08:15:08'),
(83, 4, 12, 1, NULL, '2013-04-10', '10:06:36'),
(84, 4, 12, 1, NULL, '2013-04-10', '11:54:21'),
(85, 4, 5, 1, NULL, '2013-04-11', '10:05:03'),
(86, 4, 5, 1, NULL, '2013-04-11', '12:00:29'),
(87, 4, 5, 1, NULL, '2013-04-11', '15:09:07'),
(88, 4, 5, 1, NULL, '2013-04-11', '16:08:49'),
(89, 4, 5, 1, NULL, '2013-04-12', '10:02:34'),
(90, 4, 5, 1, NULL, '2013-04-12', '11:58:40'),
(91, 4, 5, 1, NULL, '2013-04-12', '12:58:17'),
(92, 4, 5, 1, NULL, '2013-04-12', '14:00:44'),
(93, 4, 5, 1, NULL, '2013-04-12', '15:05:53'),
(94, 4, 5, 1, NULL, '2013-04-16', '12:00:50'),
(95, 4, 5, 1, NULL, '2013-04-17', '11:58:00'),
(96, 4, 12, 1, NULL, '2013-04-24', '08:15:26'),
(97, 4, 12, 1, NULL, '2013-04-24', '10:05:08'),
(98, 4, 12, 1, NULL, '2013-04-24', '11:56:07'),
(99, 4, 62, 1, NULL, '2013-04-26', '10:05:59'),
(100, 4, 62, 1, NULL, '2013-04-26', '13:37:02'),
(101, 4, 5, 1, NULL, '2013-04-26', '17:57:40'),
(102, 4, 62, 1, NULL, '2013-04-29', '08:18:40'),
(103, 4, 62, 1, NULL, '2013-04-29', '11:09:48'),
(104, 4, 62, 1, NULL, '2013-04-29', '13:10:27'),
(105, 4, 5, 1, NULL, '2013-05-13', '08:16:47'),
(106, 4, 5, 1, NULL, '2013-05-13', '10:52:59'),
(107, 4, 5, 1, NULL, '2013-05-14', '10:04:13'),
(108, 4, 12, 1, NULL, '2013-05-15', '08:16:27'),
(109, 4, 12, 1, NULL, '2013-05-15', '10:04:58'),
(110, 4, 12, 1, NULL, '2013-05-15', '11:57:50'),
(111, 4, 5, 1, NULL, '2013-05-16', '10:02:47'),
(112, 4, 5, 1, NULL, '2013-05-16', '11:59:20'),
(113, 4, 5, 1, NULL, '2013-05-17', '10:03:00'),
(114, 4, 5, 1, NULL, '2013-05-17', '12:01:25'),
(115, 4, 5, 1, NULL, '2013-05-17', '16:25:20'),
(116, 4, 5, 1, NULL, '2013-05-18', '08:59:23'),
(117, 4, 5, 1, NULL, '2013-05-18', '10:12:15'),
(118, 4, 5, 1, NULL, '2013-05-18', '11:16:31'),
(119, 4, 12, 1, NULL, '2013-05-22', '08:17:29'),
(120, 4, 12, 1, NULL, '2013-05-22', '10:04:13'),
(121, 4, 12, 1, NULL, '2013-05-22', '11:58:30'),
(122, 4, 5, 1, NULL, '2013-05-24', '10:03:07'),
(123, 4, 62, 1, NULL, '2013-05-24', '13:28:17'),
(124, 4, 62, 1, NULL, '2013-05-27', '08:37:39'),
(125, 4, 62, 1, NULL, '2013-05-27', '11:02:45'),
(126, 4, 5, 1, NULL, '2013-05-28', '10:10:17'),
(127, 4, 12, 1, NULL, '2013-05-29', '08:15:02'),
(128, 4, 12, 1, NULL, '2013-05-29', '10:07:00'),
(129, 4, 12, 1, NULL, '2013-05-29', '12:00:12'),
(130, 4, 5, 1, NULL, '2013-05-30', '10:06:48'),
(131, 4, 5, 1, NULL, '2013-05-30', '12:04:50'),
(132, 4, 5, 1, NULL, '2013-05-31', '10:01:02'),
(133, 4, 5, 1, NULL, '2013-05-31', '11:55:42'),
(134, 4, 12, 1, NULL, '2013-06-01', '08:23:21'),
(135, 4, 12, 1, NULL, '2013-06-01', '09:42:56'),
(136, 4, 12, 1, NULL, '2013-06-01', '11:14:50'),
(137, 4, 12, 1, NULL, '2013-06-05', '08:16:10'),
(138, 4, 12, 1, NULL, '2013-06-05', '10:02:49'),
(139, 4, 12, 1, NULL, '2013-06-05', '11:56:15'),
(140, 4, 5, 1, NULL, '2013-06-06', '12:01:09'),
(141, 4, 62, 1, NULL, '2013-06-07', '11:31:39'),
(142, 4, 62, 1, NULL, '2013-06-07', '13:05:11'),
(143, 4, 62, 1, NULL, '2013-06-07', '14:05:48'),
(144, 4, 62, 1, NULL, '2013-06-10', '09:01:20'),
(145, 4, 62, 1, NULL, '2013-06-10', '10:01:25'),
(146, 4, 62, 1, NULL, '2013-06-10', '11:06:16'),
(147, 4, 12, 1, NULL, '2013-06-11', '08:14:47'),
(148, 4, 12, 1, NULL, '2013-06-12', '08:15:00'),
(149, 4, 12, 1, NULL, '2013-06-12', '10:06:38'),
(150, 4, 5, 1, NULL, '2013-06-13', '10:07:43'),
(151, 4, 5, 1, NULL, '2013-06-13', '11:55:33'),
(152, 4, 5, 1, NULL, '2013-06-14', '10:11:43'),
(153, 4, 5, 1, NULL, '2013-06-14', '11:59:40'),
(154, 4, 5, 1, NULL, '2013-06-14', '14:03:35'),
(155, 4, 5, 1, NULL, '2013-06-14', '15:10:23'),
(156, 4, 5, 1, NULL, '2013-06-18', '13:20:38'),
(157, 4, 58, 1, NULL, '2013-06-24', '09:37:10'),
(158, 4, 62, 1, NULL, '2013-06-24', '13:26:14');

-- --------------------------------------------------------

--
-- Table structure for table `nastavnik`
--

CREATE TABLE IF NOT EXISTS `nastavnik` (
  `id` int(11) NOT NULL AUTO_INCREMENT,
  `prezime` varchar(50) COLLATE utf8_unicode_ci NOT NULL,
  `ime` varchar(50) COLLATE utf8_unicode_ci NOT NULL,
  `username` varchar(50) COLLATE utf8_unicode_ci DEFAULT NULL,
  `password` varchar(50) COLLATE utf8_unicode_ci DEFAULT NULL,
  `email` text COLLATE utf8_unicode_ci,
  `pol` text COLLATE utf8_unicode_ci,
  `tip_korisnika` int(11) NOT NULL DEFAULT '3',
  PRIMARY KEY (`id`)
) ENGINE=InnoDB  DEFAULT CHARSET=utf8 COLLATE=utf8_unicode_ci AUTO_INCREMENT=123 ;

--
-- Dumping data for table `nastavnik`
--

INSERT INTO `nastavnik` (`id`, `prezime`, `ime`, `username`, `password`, `email`, `pol`, `tip_korisnika`) VALUES
(1, 'Avram', 'Dragana', NULL, NULL, NULL, NULL, 3),
(2, 'Babić', 'Zdenka', NULL, NULL, NULL, NULL, 3),
(3, 'Banjanin', 'Mladen', NULL, NULL, NULL, NULL, 3),
(4, 'Bera', 'Bosiljka', NULL, NULL, NULL, NULL, 3),
(5, 'Bjelica', 'Ognjen', NULL, NULL, NULL, NULL, 3),
(6, 'Blanuša', 'Branko', NULL, NULL, NULL, NULL, 3),
(7, 'Bojović', 'Miroslav', NULL, NULL, NULL, NULL, 3),
(8, 'Cincar', 'Nada', NULL, NULL, NULL, NULL, 3),
(9, 'Cvijanović', 'Ljilja', NULL, NULL, NULL, NULL, 3),
(10, 'Cvijanović', 'Oleg', NULL, NULL, NULL, NULL, 3),
(11, 'Damjanović', 'Srđan', NULL, NULL, NULL, NULL, 3),
(12, 'Davidović', 'Nikola', NULL, NULL, NULL, NULL, 3),
(13, 'Dokić', 'Branko', NULL, NULL, NULL, NULL, 3),
(14, 'Ðorđević', 'Goran', NULL, NULL, NULL, NULL, 3),
(15, 'Ðorđević-Kajan', 'Slobodanka', NULL, NULL, NULL, NULL, 3),
(16, 'Draganović', 'Ljubiša', NULL, NULL, NULL, NULL, 3),
(17, 'Ðukić', 'Ðorđe', NULL, NULL, NULL, NULL, 3),
(18, 'Ðurić', 'Božidar', NULL, NULL, NULL, NULL, 3),
(19, 'Ðurić', 'Milenko', NULL, NULL, NULL, NULL, 3),
(20, 'Elez', 'Nebojša', NULL, NULL, NULL, NULL, 3),
(21, 'Filipović', 'Dragan', NULL, NULL, NULL, NULL, 3),
(22, 'Geric', 'Ljubomir', NULL, NULL, NULL, NULL, 3),
(23, 'Gligorić', 'Miroslav', NULL, NULL, NULL, NULL, 3),
(24, 'Golubović', 'Dušan', NULL, NULL, NULL, NULL, 3),
(25, 'Govedarica', 'Vidan', NULL, NULL, NULL, NULL, 3),
(26, 'Gušavac', 'Strahil', NULL, NULL, NULL, NULL, 3),
(27, 'Heleta', 'Milenko', NULL, NULL, NULL, NULL, 3),
(28, 'Ikić', 'Marko', NULL, NULL, NULL, NULL, 3),
(29, 'Ivanković', 'Rade', NULL, NULL, NULL, NULL, 3),
(30, 'Ivanković', 'Rade', NULL, NULL, NULL, NULL, 3),
(31, 'Janjić', 'Milan', NULL, NULL, NULL, NULL, 3),
(32, 'Janković', 'Dragan', NULL, NULL, NULL, NULL, 3),
(33, 'Jeftić', 'Miroljub', NULL, NULL, NULL, NULL, 3),
(34, 'Jelovac', 'Dragomir', NULL, NULL, NULL, NULL, 3),
(35, 'Jokić', 'Srđan', NULL, NULL, NULL, NULL, 3),
(36, 'Kaluđerčić', 'Pavle', NULL, NULL, NULL, NULL, 3),
(37, 'Kokić', 'Momčilo', NULL, NULL, NULL, NULL, 3),
(38, 'Kosmajac', 'Dijana', NULL, NULL, NULL, NULL, 3),
(39, 'Kostić', 'Ivo', NULL, NULL, NULL, NULL, 3),
(40, 'Kovač', 'Predrag', NULL, NULL, NULL, NULL, 3),
(41, 'Kovačević', 'Darko', NULL, NULL, NULL, NULL, 3),
(42, 'Krstajić', 'Božidar', NULL, NULL, NULL, NULL, 3),
(43, 'Krtinić', 'Darko', NULL, NULL, NULL, NULL, 3),
(44, 'Kukobat', 'Zoran', NULL, NULL, NULL, NULL, 3),
(45, 'Lale', 'Srđan', NULL, NULL, NULL, NULL, 3),
(46, 'Lalović', 'Ilija', NULL, NULL, NULL, NULL, 3),
(47, 'Litovski', 'Vančo', NULL, NULL, NULL, NULL, 3),
(48, 'Ljuboje', 'Zoran', NULL, NULL, NULL, NULL, 3),
(49, 'Lojpur', 'Anđelko', NULL, NULL, NULL, NULL, 3),
(50, 'Lubura', 'Slobodan', NULL, NULL, NULL, NULL, 3),
(51, 'Lukić', 'Lazar', NULL, NULL, NULL, NULL, 3),
(52, 'Maksimović', 'Mirjana', NULL, NULL, NULL, NULL, 3),
(53, 'Mandić', 'Ranka', NULL, NULL, NULL, NULL, 3),
(54, 'Matić', 'Petar', NULL, NULL, NULL, NULL, 3),
(55, 'Medaković', 'Vlado', NULL, NULL, NULL, NULL, 3),
(56, 'Mihajilović', 'Vladan', NULL, NULL, NULL, NULL, 3),
(57, 'Mijailović', 'Vladica', NULL, NULL, NULL, NULL, 3),
(58, 'Mijić', 'Danijel', NULL, NULL, NULL, NULL, 3),
(59, 'Mikulović', 'Jovan', NULL, NULL, NULL, NULL, 3),
(60, 'Milenković', 'Nebojša', NULL, NULL, NULL, NULL, 3),
(61, 'Milentijević', 'Ivan', NULL, NULL, NULL, NULL, 3),
(62, 'Milinković', 'Snježana', NULL, NULL, NULL, NULL, 3),
(63, 'Milićević', 'Enita', NULL, NULL, NULL, NULL, 3),
(64, 'Milojković', 'Goran', NULL, NULL, NULL, NULL, 3),
(65, 'Milojković', 'Slobodan', NULL, NULL, NULL, NULL, 3),
(66, 'Milosavljević', 'Èedomir', NULL, NULL, NULL, NULL, 3),
(67, 'Milovanović', 'Emina', NULL, NULL, NULL, NULL, 3),
(68, 'Milovanović', 'Igor', NULL, NULL, NULL, NULL, 3),
(69, 'Milović', 'Danijela', NULL, NULL, NULL, NULL, 3),
(70, 'Milošević', 'Vladimir', NULL, NULL, NULL, NULL, 3),
(71, 'Mirković', 'Milorad', NULL, NULL, NULL, NULL, 3),
(72, 'Mitić', 'Darko', NULL, NULL, NULL, NULL, 3),
(73, 'Mitrić', 'Radmilo', NULL, NULL, NULL, NULL, 3),
(74, 'Mićević', 'Milosav', NULL, NULL, NULL, NULL, 3),
(75, 'Mićić', 'Roksanda', NULL, NULL, NULL, NULL, 3),
(76, 'Naumović', 'Milica', NULL, NULL, NULL, NULL, 3),
(77, 'Nimrihter', 'Miroslav', NULL, NULL, NULL, NULL, 3),
(78, 'Nogo', 'Srđan', NULL, NULL, NULL, NULL, 3),
(79, 'Novaković', 'Bojana', NULL, NULL, NULL, NULL, 3),
(80, 'Novaković', 'Zoran', NULL, NULL, NULL, NULL, 3),
(81, 'Obradović', 'Slobodan', NULL, NULL, NULL, NULL, 3),
(82, 'Pantić', 'Vojislav', NULL, NULL, NULL, NULL, 3),
(83, 'Pavlović', 'Nataša', NULL, NULL, NULL, NULL, 3),
(84, 'Perišić', 'Branko', NULL, NULL, NULL, NULL, 3),
(85, 'Pikula', 'Milenko', NULL, NULL, NULL, NULL, 3),
(86, 'Pokorni', 'Slavko', NULL, NULL, NULL, NULL, 3),
(87, 'Popović', 'Božidar', NULL, NULL, NULL, NULL, 3),
(88, 'Popović', 'Mladen', NULL, NULL, NULL, NULL, 3),
(89, 'Popović', 'Nataša', NULL, NULL, NULL, NULL, 3),
(90, 'Pržulj', 'Željko', NULL, NULL, NULL, NULL, 3),
(91, 'Radenković', 'Vidojko', NULL, NULL, NULL, NULL, 3),
(92, 'Radmanović', 'Milan', NULL, NULL, NULL, NULL, 3),
(93, 'Radosavljević', 'Radovan', NULL, NULL, NULL, NULL, 3),
(94, 'Rančić', 'Dejan', NULL, NULL, NULL, NULL, 3),
(95, 'Rančić', 'Predrag', NULL, NULL, NULL, NULL, 3),
(96, 'Savić', ' Milan', NULL, NULL, NULL, NULL, 3),
(97, 'Savić', 'Milan', NULL, NULL, NULL, NULL, 3),
(98, 'Sikimić', 'Lazar', NULL, NULL, NULL, NULL, 3),
(99, 'Simović', 'Aleksandar', NULL, NULL, NULL, NULL, 3),
(100, 'Simović', 'Miodrag', NULL, NULL, NULL, NULL, 3),
(101, 'Stanimirović', 'Aleksandar', NULL, NULL, NULL, NULL, 3),
(102, 'Stanković', 'Milena', NULL, NULL, NULL, NULL, 3),
(103, 'Stankovski', 'Stevan', NULL, NULL, NULL, NULL, 3),
(104, 'Stoimenov', 'Leonid', NULL, NULL, NULL, NULL, 3),
(105, 'Stojanović', 'Dobrivoj', NULL, NULL, NULL, NULL, 3),
(106, 'Stojčev', 'Mile', NULL, NULL, NULL, NULL, 3),
(107, 'Stojić', 'Milić', NULL, NULL, NULL, NULL, 3),
(108, 'Stojković', 'Suzana', NULL, NULL, NULL, NULL, 3),
(109, 'Stojković', 'Zlatan', NULL, NULL, NULL, NULL, 3),
(110, 'Tomašević', 'Milo', NULL, NULL, NULL, NULL, 3),
(111, 'Trninić', 'Branislav', NULL, NULL, NULL, NULL, 3),
(112, 'Unković', 'Ilinka', NULL, NULL, NULL, NULL, 3),
(113, 'Vujović', 'Èedomir', NULL, NULL, NULL, NULL, 3),
(114, 'Vujović', 'Vladimir', NULL, NULL, NULL, NULL, 3),
(115, 'Vuletić', 'Veljko', NULL, NULL, NULL, NULL, 3),
(116, 'Zečević', 'Milan', NULL, NULL, NULL, NULL, 3),
(117, 'Ćirić', 'Vladimir', NULL, NULL, NULL, NULL, 3),
(118, 'Ćosović', 'Marijana', NULL, NULL, NULL, NULL, 3),
(119, 'Ćućilo', 'Vlado', NULL, NULL, NULL, NULL, 3),
(120, 'Šekara', 'Tomislav', NULL, NULL, NULL, NULL, 3),
(121, 'Šoja', 'Milomir', NULL, NULL, NULL, NULL, 3),
(122, 'Šuka', 'Darko', NULL, NULL, NULL, NULL, 3);

-- --------------------------------------------------------

--
-- Table structure for table `posjeduje_predmet`
--

CREATE TABLE IF NOT EXISTS `posjeduje_predmet` (
  `nastavnik_id` int(11) NOT NULL,
  `predmet_id` int(11) NOT NULL,
  PRIMARY KEY (`nastavnik_id`,`predmet_id`),
  KEY `fk_posjeduje_predmet2` (`predmet_id`)
) ENGINE=InnoDB DEFAULT CHARSET=utf8 COLLATE=utf8_unicode_ci;

-- --------------------------------------------------------

--
-- Table structure for table `predmet`
--

CREATE TABLE IF NOT EXISTS `predmet` (
  `id` int(11) NOT NULL AUTO_INCREMENT,
  `naziv_predmeta` varchar(100) COLLATE utf8_unicode_ci DEFAULT NULL,
  `sifra_predmeta` varchar(20) COLLATE utf8_unicode_ci DEFAULT NULL,
  `broj_predavanja` int(11) DEFAULT NULL,
  `broj_vjezbi` int(11) DEFAULT NULL,
  PRIMARY KEY (`id`)
) ENGINE=InnoDB  DEFAULT CHARSET=utf8 COLLATE=utf8_unicode_ci AUTO_INCREMENT=93 ;

--
-- Dumping data for table `predmet`
--

INSERT INTO `predmet` (`id`, `naziv_predmeta`, `sifra_predmeta`, `broj_predavanja`, `broj_vjezbi`) VALUES
(1, 'Nedefinisan', NULL, NULL, NULL),
(2, 'Algoritmi i strukture podataka', NULL, NULL, NULL),
(3, 'Aplikativni softver', NULL, NULL, NULL),
(4, 'Arhitektura i organizacija računara', NULL, NULL, NULL),
(5, 'Baze podataka', NULL, NULL, NULL),
(6, 'Digitalna elektronika', NULL, NULL, NULL),
(7, 'Digitalna obrada signala (Izborni)', NULL, NULL, NULL),
(8, 'Digitalni sistemi (izborni)', NULL, NULL, NULL),
(9, 'Digitalni sistemi upravljanja', NULL, NULL, NULL),
(10, 'Diskretna matematika', NULL, NULL, NULL),
(11, 'Elektrane (izborni)', NULL, NULL, NULL),
(12, 'Električna mjerenja', NULL, NULL, NULL),
(13, 'Električne mašine - 1', NULL, NULL, NULL),
(14, 'Električne mašine - 2', NULL, NULL, NULL),
(15, 'Električne mašine i postrojenja', NULL, NULL, NULL),
(16, 'Električni aparati - 1', NULL, NULL, NULL),
(17, 'Električni aparati - 2 (Izborni)', NULL, NULL, NULL),
(18, 'Električne instalacije sa osvjetljenjem (izborni)', NULL, NULL, NULL),
(19, 'Elektroenergetske mreže i sistemi - 1', NULL, NULL, NULL),
(20, 'Elektroenergetske mreže i sistemi - 2 (Izborni)', NULL, NULL, NULL),
(21, 'Elektroenergetski pretvarači (izborni)', NULL, NULL, NULL),
(22, 'Elektromagnetika - 1', NULL, NULL, NULL),
(23, 'Elektromagnetika - 2', NULL, NULL, NULL),
(24, 'Elektromotorni pogoni', NULL, NULL, NULL),
(25, 'Elektronika - 1', NULL, NULL, NULL),
(26, 'Elektronika - 2', NULL, NULL, NULL),
(27, 'Energetska elektronika', NULL, NULL, NULL),
(28, 'Energetska elektronika - 1', NULL, NULL, NULL),
(29, 'Energetska elektronika - 2 (Izborni)', NULL, NULL, NULL),
(30, 'Engleski jezik - 1', NULL, NULL, NULL),
(31, 'Engleski jezik - 2', NULL, NULL, NULL),
(32, 'Engleski jezik - 3', NULL, NULL, NULL),
(33, 'Engleski jezik - 4', NULL, NULL, NULL),
(34, 'Fizički osnovi elektronike', NULL, NULL, NULL),
(35, 'Fizika', NULL, NULL, NULL),
(36, 'Fizika materijala', NULL, NULL, NULL),
(37, 'Impulsna elektronika', NULL, NULL, NULL),
(38, 'Internet tehnologije i programiranje', NULL, NULL, NULL),
(39, 'Matematika - 1', NULL, NULL, NULL),
(40, 'Matematika - 2', NULL, NULL, NULL),
(41, 'Matematika - 3', NULL, NULL, NULL),
(42, 'Menadžment u inžinjerskoj praksi (izborni)', NULL, NULL, NULL),
(43, 'Mikroprocesorski sistemi', NULL, NULL, NULL),
(44, 'Modelovanje i simulacija procesa', NULL, NULL, NULL),
(45, 'Numerička matematika', NULL, NULL, NULL),
(46, 'Objektno orijentisano programiranje', NULL, NULL, NULL),
(47, 'Operativni sistemi', NULL, NULL, NULL),
(48, 'Osnovi elektrotehnike - 1', NULL, NULL, NULL),
(49, 'Osnovi elektrotehnike - 2', NULL, NULL, NULL),
(50, 'Osnovi menadžmenta', NULL, NULL, NULL),
(51, 'Osnovi računarske tehnike', NULL, NULL, NULL),
(52, 'Osnovi telekomunikacija', NULL, NULL, NULL),
(53, 'Paralelni računarski sistemi', NULL, NULL, NULL),
(54, 'Praktična nastava', NULL, NULL, NULL),
(55, 'Praktični rad-ferijalna praksa', NULL, NULL, NULL),
(56, 'Prenaponi i koordinacije izolacije', NULL, NULL, NULL),
(57, 'Prenos i akvizicija podataka (izborni)', NULL, NULL, NULL),
(58, 'Prenos podataka', NULL, NULL, NULL),
(59, 'Procesni računari', NULL, NULL, NULL),
(60, 'Programski jezici', NULL, NULL, NULL),
(61, 'Programski prevodioci', NULL, NULL, NULL),
(62, 'Projekat - 1', NULL, NULL, NULL),
(63, 'Projekat - 2', NULL, NULL, NULL),
(64, 'Projektovanje informacionih sistema', NULL, NULL, NULL),
(65, 'Projektovanje sistema automatskogh upravljanja', NULL, NULL, NULL),
(66, 'Projektovanje softvera', NULL, NULL, NULL),
(67, 'Projektovanje softvera (Izborni)', NULL, NULL, NULL),
(68, 'Računarska grafika (izborni)', NULL, NULL, NULL),
(69, 'Računarske mreže', NULL, NULL, NULL),
(70, 'Računarsko projektovanje u elektroenergetici', NULL, NULL, NULL),
(71, 'Računarsko upravljanje procesima', NULL, NULL, NULL),
(72, 'Razvodna postrojenja', NULL, NULL, NULL),
(73, 'Sistemi automatskog upravljanja', NULL, NULL, NULL),
(74, 'Sistemi zaštite u elektroenergetskom sistemu', NULL, NULL, NULL),
(75, 'Softverski alati baza podataka (izborni)', NULL, NULL, NULL),
(76, 'Specifikacija i modelovanje softvera (izborni)', NULL, NULL, NULL),
(77, 'Specifikacije i modelovanje softvera', NULL, NULL, NULL),
(78, 'Specijalni senzori i industrijska mjerenja(izborni', NULL, NULL, NULL),
(79, 'Tehnika visokog napona', NULL, NULL, NULL),
(80, 'Tehnika visokog napona - 1', NULL, NULL, NULL),
(81, 'Tehnika visokog napona - 2', NULL, NULL, NULL),
(82, 'Tehnike i metode programiranja (Izborni)', NULL, NULL, NULL),
(83, 'Teorija automatskog upravljanja - 1', NULL, NULL, NULL),
(84, 'Teorija automatskog upravljanja - 2', NULL, NULL, NULL),
(85, 'Teorija električnih kola - 1', NULL, NULL, NULL),
(86, 'Teorija električnih kola - 2', NULL, NULL, NULL),
(87, 'Teorija optimalnih rješenja', NULL, NULL, NULL),
(88, 'Transportni procesi', NULL, NULL, NULL),
(89, 'Upravljanje projektima (Izborni)', NULL, NULL, NULL),
(90, 'Uvod u nanonauke i nanotehnologije (Izborni)', NULL, NULL, NULL),
(91, 'Uvod u programiranje', NULL, NULL, NULL),
(92, 'Završni samostalni rad', NULL, NULL, NULL);

-- --------------------------------------------------------

--
-- Table structure for table `prisustvo`
--

CREATE TABLE IF NOT EXISTS `prisustvo` (
  `id` int(11) NOT NULL AUTO_INCREMENT,
  `nastava_id` bigint(20) DEFAULT NULL,
  `student_id` int(11) DEFAULT NULL,
  `datum` timestamp NOT NULL DEFAULT CURRENT_TIMESTAMP,
  PRIMARY KEY (`id`),
  KEY `fk_prisustvuje` (`student_id`),
  KEY `fk_sadrzi` (`nastava_id`)
) ENGINE=InnoDB  DEFAULT CHARSET=utf8 COLLATE=utf8_unicode_ci AUTO_INCREMENT=2116 ;

--
-- Dumping data for table `prisustvo`
--

INSERT INTO `prisustvo` (`id`, `nastava_id`, `student_id`, `datum`) VALUES
(1, 1, 137, '2012-12-12 10:33:58'),
(2, 1, 49, '2012-12-12 10:34:29'),
(3, 1, 79, '2012-12-12 10:34:40'),
(4, 1, 27, '2012-12-12 10:34:45'),
(5, 1, 274, '2012-12-12 10:34:58'),
(6, 1, 97, '2012-12-12 10:35:04'),
(7, 1, 240, '2012-12-12 10:35:09'),
(8, 1, 178, '2012-12-12 10:35:13'),
(9, 1, 43, '2012-12-12 10:35:16'),
(10, 1, 283, '2012-12-12 10:35:24'),
(11, 1, 186, '2012-12-12 10:35:31'),
(12, 1, 125, '2012-12-12 10:35:34'),
(13, 1, 51, '2012-12-12 10:35:37'),
(14, 1, 320, '2012-12-12 10:35:41'),
(15, 1, 304, '2012-12-12 10:35:45'),
(16, 1, 212, '2012-12-12 10:35:47'),
(17, 1, 328, '2012-12-12 10:35:50'),
(18, 1, 56, '2012-12-12 10:35:53'),
(19, 1, 149, '2012-12-12 10:35:55'),
(20, 1, 151, '2012-12-12 10:35:59'),
(21, 1, 258, '2012-12-12 10:36:15'),
(22, 1, 157, '2012-12-12 10:36:17'),
(23, 1, 171, '2012-12-12 10:36:20'),
(24, 2, 339, '2012-12-12 12:50:08'),
(25, 2, 222, '2012-12-12 12:50:24'),
(26, 2, 314, '2012-12-12 12:50:36'),
(27, 2, 38, '2012-12-12 12:50:44'),
(28, 2, 34, '2012-12-12 12:50:49'),
(29, 2, 61, '2012-12-12 12:50:55'),
(30, 2, 300, '2012-12-12 12:51:02'),
(31, 2, 324, '2012-12-12 12:51:11'),
(32, 2, 128, '2012-12-12 12:51:20'),
(33, 2, 110, '2012-12-12 12:51:23'),
(34, 2, 228, '2012-12-12 12:51:34'),
(35, 2, 156, '2012-12-12 12:51:39'),
(36, 2, 238, '2012-12-12 12:51:43'),
(37, 2, 158, '2012-12-12 12:51:48'),
(38, 2, 189, '2012-12-12 12:51:54'),
(39, 2, 241, '2012-12-12 12:51:58'),
(40, 2, 132, '2012-12-12 12:52:03'),
(41, 2, 278, '2012-12-12 12:52:09'),
(42, 2, 338, '2012-12-12 12:52:12'),
(43, 2, 142, '2012-12-12 12:52:14'),
(44, 2, 284, '2012-12-12 12:52:25'),
(45, 2, 206, '2012-12-12 12:52:29'),
(46, 2, 257, '2012-12-12 12:52:34'),
(47, 2, 69, '2012-12-12 12:52:41'),
(48, 2, 269, '2012-12-12 12:52:44'),
(49, 2, 256, '2012-12-12 12:52:49'),
(50, 4, 314, '2012-12-17 07:17:53'),
(51, 4, 238, '2012-12-17 07:17:58'),
(52, 4, 228, '2012-12-17 07:18:02'),
(53, 4, 304, '2012-12-17 07:18:05'),
(54, 4, 241, '2012-12-17 07:18:07'),
(55, 4, 189, '2012-12-17 07:18:10'),
(56, 4, 158, '2012-12-17 07:18:12'),
(57, 4, 300, '2012-12-17 07:18:19'),
(58, 4, 110, '2012-12-17 07:18:23'),
(59, 4, 324, '2012-12-17 07:18:26'),
(60, 4, 339, '2012-12-17 07:18:29'),
(61, 4, 128, '2012-12-17 07:18:32'),
(62, 4, 222, '2012-12-17 07:18:34'),
(63, 7, 105, '2012-12-17 12:51:34'),
(64, 7, 122, '2012-12-17 12:51:38'),
(65, 7, 273, '2012-12-17 12:51:41'),
(66, 7, 45, '2012-12-17 12:51:45'),
(67, 7, 100, '2012-12-17 12:51:47'),
(68, 7, 131, '2012-12-17 12:51:51'),
(69, 7, 30, '2012-12-17 12:51:54'),
(70, 7, 141, '2012-12-17 12:51:56'),
(71, 7, 16, '2012-12-17 12:52:00'),
(72, 7, 24, '2012-12-17 12:52:04'),
(73, 7, 134, '2012-12-17 12:52:08'),
(74, 7, 264, '2012-12-17 12:52:13'),
(75, 7, 7, '2012-12-17 12:52:17'),
(76, 7, 31, '2012-12-17 12:52:21'),
(77, 7, 102, '2012-12-17 12:52:23'),
(78, 7, 10, '2012-12-17 12:52:36'),
(79, 7, 47, '2012-12-17 12:52:50'),
(80, 7, 67, '2012-12-17 12:53:53'),
(81, 8, 271, '2012-12-17 14:38:13'),
(82, 8, 199, '2012-12-17 14:38:25'),
(83, 8, 267, '2012-12-17 14:38:33'),
(84, 8, 334, '2012-12-17 14:38:44'),
(85, 8, 153, '2012-12-17 14:38:55'),
(86, 8, 166, '2012-12-17 14:39:05'),
(87, 8, 193, '2012-12-17 14:39:14'),
(88, 8, 211, '2012-12-17 14:39:24'),
(89, 8, 214, '2012-12-17 14:39:30'),
(90, 8, 260, '2012-12-17 14:39:40'),
(91, 8, 36, '2012-12-17 14:39:51'),
(92, 8, 179, '2012-12-17 14:39:58'),
(93, 8, 220, '2012-12-17 14:40:08'),
(94, 8, 229, '2012-12-17 14:40:19'),
(95, 8, 162, '2012-12-17 14:40:29'),
(96, 8, 247, '2012-12-17 14:40:40'),
(97, 8, 236, '2012-12-17 14:40:54'),
(98, 8, 4, '2012-12-17 14:41:03'),
(99, 9, 171, '2012-12-18 07:16:01'),
(100, 9, 283, '2012-12-18 07:16:05'),
(101, 9, 34, '2012-12-18 07:16:19'),
(102, 9, 240, '2012-12-18 07:16:22'),
(103, 9, 38, '2012-12-18 07:16:26'),
(104, 9, 61, '2012-12-18 07:16:28'),
(105, 9, 27, '2012-12-18 07:16:31'),
(106, 9, 278, '2012-12-18 07:16:34'),
(107, 9, 212, '2012-12-18 07:16:41'),
(108, 9, 51, '2012-12-18 07:17:33'),
(109, 9, 137, '2012-12-18 07:17:36'),
(110, 9, 56, '2012-12-18 07:17:38'),
(111, 9, 186, '2012-12-18 07:24:58'),
(112, 9, 320, '2012-12-18 07:25:03'),
(113, 9, 328, '2012-12-18 07:25:31'),
(114, 12, 193, '2012-12-24 12:29:15'),
(115, 12, 214, '2012-12-24 12:29:18'),
(116, 12, 236, '2012-12-24 12:29:20'),
(117, 12, 260, '2012-12-24 12:29:22'),
(118, 12, 166, '2012-12-24 12:29:24'),
(119, 12, 334, '2012-12-24 12:29:26'),
(120, 12, 153, '2012-12-24 12:29:31'),
(121, 12, 271, '2012-12-24 12:29:47'),
(122, 12, 162, '2012-12-24 12:30:03'),
(123, 12, 267, '2012-12-24 12:30:06'),
(124, 12, 247, '2012-12-24 12:30:16'),
(125, 12, 220, '2012-12-24 12:30:24'),
(126, 12, 4, '2012-12-24 12:31:01'),
(127, 12, 179, '2012-12-24 12:32:17'),
(128, 13, 47, '2012-12-25 09:06:02'),
(129, 13, 102, '2012-12-25 09:06:07'),
(130, 13, 67, '2012-12-25 09:06:09'),
(131, 13, 7, '2012-12-25 09:06:21'),
(132, 13, 141, '2012-12-25 09:06:24'),
(133, 13, 134, '2012-12-25 09:06:27'),
(134, 13, 30, '2012-12-25 09:06:29'),
(135, 13, 31, '2012-12-25 09:06:31'),
(136, 13, 16, '2012-12-25 09:06:34'),
(137, 13, 24, '2012-12-25 09:06:36'),
(138, 13, 273, '2012-12-25 09:06:39'),
(139, 13, 100, '2012-12-25 09:06:48'),
(140, 13, 264, '2012-12-25 09:06:51'),
(141, 13, 10, '2012-12-25 09:14:00'),
(142, 14, 301, '2012-12-25 10:45:23'),
(143, 14, 231, '2012-12-25 10:45:26'),
(144, 14, 45, '2012-12-25 10:45:28'),
(145, 14, 302, '2012-12-25 10:45:31'),
(146, 14, 3, '2012-12-25 10:45:33'),
(147, 14, 90, '2012-12-25 10:45:35'),
(148, 14, 57, '2012-12-25 10:45:37'),
(149, 14, 303, '2012-12-25 10:45:39'),
(150, 14, 85, '2012-12-25 10:45:41'),
(151, 14, 148, '2012-12-25 10:45:44'),
(152, 14, 165, '2012-12-25 10:45:47'),
(153, 14, 54, '2012-12-25 10:45:50'),
(154, 14, 315, '2012-12-25 10:45:52'),
(155, 14, 86, '2012-12-25 10:45:54'),
(156, 14, 139, '2012-12-25 10:45:56'),
(157, 14, 306, '2012-12-25 10:45:58'),
(158, 14, 92, '2012-12-25 10:46:00'),
(159, 15, 225, '2012-12-25 12:36:09'),
(160, 15, 291, '2012-12-25 12:36:15'),
(161, 15, 326, '2012-12-25 12:36:17'),
(162, 15, 250, '2012-12-25 12:36:20'),
(163, 15, 272, '2012-12-25 12:36:34'),
(164, 15, 183, '2012-12-25 12:36:42'),
(165, 15, 259, '2012-12-25 12:36:52'),
(166, 15, 232, '2012-12-25 12:37:02'),
(167, 15, 262, '2012-12-25 12:37:14'),
(168, 15, 194, '2012-12-25 12:37:24'),
(169, 15, 224, '2012-12-25 12:37:44'),
(170, 15, 208, '2012-12-25 12:37:54'),
(171, 15, 29, '2012-12-25 12:38:17'),
(172, 15, 91, '2012-12-25 12:38:28'),
(173, 16, 14, '2012-12-26 08:21:52'),
(174, 16, 79, '2012-12-26 08:21:56'),
(175, 16, 240, '2012-12-26 08:21:59'),
(176, 16, 178, '2012-12-26 08:22:04'),
(177, 16, 328, '2012-12-26 08:22:09'),
(178, 16, 212, '2012-12-26 08:22:42'),
(179, 17, 171, '2012-12-26 10:04:28'),
(180, 17, 128, '2012-12-26 10:04:33'),
(181, 17, 110, '2012-12-26 10:04:36'),
(182, 17, 311, '2012-12-26 10:06:18'),
(183, 17, 38, '2012-12-26 10:11:02'),
(184, 17, 61, '2012-12-26 10:11:21'),
(185, 17, 314, '2012-12-26 10:11:24'),
(186, 17, 34, '2012-12-26 10:11:32'),
(187, 17, 241, '2012-12-26 10:11:59'),
(188, 17, 158, '2012-12-26 10:12:01'),
(189, 17, 189, '2012-12-26 10:12:04'),
(190, 17, 339, '2012-12-26 10:12:07'),
(191, 17, 222, '2012-12-26 10:12:10'),
(192, 17, 324, '2012-12-26 10:12:15'),
(193, 17, 300, '2012-12-26 10:13:23'),
(194, 18, 13, '2013-01-15 09:06:07'),
(195, 19, 13, '2013-01-15 13:18:10'),
(196, 20, 13, '2013-02-01 09:16:22'),
(197, 21, 13, '2013-02-01 10:56:36'),
(198, 22, 13, '2013-02-01 12:16:24'),
(199, 23, 13, '2013-02-01 13:20:59'),
(200, 24, 137, '2013-02-04 07:17:47'),
(201, 24, 339, '2013-02-04 07:17:49'),
(202, 24, 157, '2013-02-04 07:17:51'),
(203, 24, 338, '2013-02-04 07:17:54'),
(204, 24, 79, '2013-02-04 07:17:57'),
(205, 24, 324, '2013-02-04 07:18:00'),
(206, 24, 283, '2013-02-04 07:18:06'),
(207, 24, 189, '2013-02-04 07:18:09'),
(208, 24, 241, '2013-02-04 07:18:11'),
(209, 28, 13, '2013-02-04 11:30:11'),
(210, 29, 13, '2013-02-04 12:58:17'),
(211, 30, 13, '2013-02-04 14:05:13'),
(212, 32, 47, '2013-02-25 09:12:47'),
(213, 32, 100, '2013-02-25 09:12:53'),
(214, 32, 105, '2013-02-25 09:12:55'),
(215, 32, 30, '2013-02-25 09:13:08'),
(216, 32, 31, '2013-02-25 09:13:12'),
(217, 32, 134, '2013-02-25 09:13:16'),
(218, 32, 16, '2013-02-25 09:13:19'),
(219, 32, 153, '2013-02-25 09:13:22'),
(220, 32, 162, '2013-02-25 09:13:25'),
(221, 32, 24, '2013-02-25 09:13:27'),
(222, 32, 45, '2013-02-25 09:13:30'),
(223, 32, 4, '2013-02-25 09:13:33'),
(224, 33, 166, '2013-02-25 11:03:09'),
(225, 33, 211, '2013-02-25 11:03:13'),
(226, 33, 303, '2013-02-25 11:03:18'),
(227, 33, 247, '2013-02-25 11:03:21'),
(228, 33, 193, '2013-02-25 11:03:24'),
(229, 33, 302, '2013-02-25 11:03:26'),
(230, 33, 334, '2013-02-25 11:03:28'),
(231, 35, 13, '2013-02-25 14:23:52'),
(232, 36, 13, '2013-02-26 07:59:45'),
(233, 37, 231, '2013-02-27 07:12:10'),
(234, 37, 183, '2013-02-27 07:12:13'),
(235, 37, 57, '2013-02-27 07:12:16'),
(236, 37, 148, '2013-02-27 07:12:19'),
(237, 37, 232, '2013-02-27 07:12:21'),
(238, 37, 259, '2013-02-27 07:12:24'),
(239, 37, 165, '2013-02-27 07:12:26'),
(240, 37, 225, '2013-02-27 07:12:29'),
(241, 37, 54, '2013-02-27 07:12:32'),
(242, 37, 3, '2013-02-27 07:12:36'),
(243, 37, 86, '2013-02-27 07:12:43'),
(244, 37, 250, '2013-02-27 07:13:50'),
(245, 38, 334, '2013-02-27 09:05:16'),
(246, 38, 7, '2013-02-27 09:05:21'),
(247, 38, 153, '2013-02-27 09:05:24'),
(248, 38, 67, '2013-02-27 09:05:26'),
(249, 38, 10, '2013-02-27 09:05:28'),
(250, 38, 47, '2013-02-27 09:05:35'),
(251, 38, 16, '2013-02-27 09:05:40'),
(252, 38, 264, '2013-02-27 09:05:43'),
(253, 38, 166, '2013-02-27 09:05:45'),
(254, 38, 24, '2013-02-27 09:05:52'),
(255, 38, 160, '2013-02-27 09:05:54'),
(256, 38, 30, '2013-02-27 09:05:57'),
(257, 38, 100, '2013-02-27 09:05:59'),
(258, 38, 45, '2013-02-27 09:06:02'),
(259, 38, 134, '2013-02-27 09:06:05'),
(260, 38, 31, '2013-02-27 09:06:08'),
(261, 38, 162, '2013-02-27 09:06:11'),
(262, 38, 4, '2013-02-27 09:07:34'),
(263, 39, 122, '2013-02-27 10:53:45'),
(264, 39, 273, '2013-02-27 10:53:48'),
(265, 39, 91, '2013-02-27 10:53:55'),
(266, 39, 199, '2013-02-27 10:53:59'),
(267, 39, 303, '2013-02-27 10:54:02'),
(268, 39, 262, '2013-02-27 10:54:05'),
(269, 39, 85, '2013-02-27 10:54:10'),
(270, 39, 247, '2013-02-27 10:54:12'),
(271, 39, 302, '2013-02-27 10:54:15'),
(272, 39, 267, '2013-02-27 10:54:20'),
(273, 39, 211, '2013-02-27 10:54:25'),
(274, 39, 263, '2013-02-27 10:54:28'),
(275, 39, 214, '2013-02-27 10:54:31'),
(276, 39, 193, '2013-02-27 10:54:33'),
(277, 39, 224, '2013-02-27 10:54:35'),
(278, 40, 151, '2013-02-28 09:06:54'),
(279, 40, 186, '2013-02-28 09:06:57'),
(280, 40, 178, '2013-02-28 09:06:59'),
(281, 40, 27, '2013-02-28 09:07:02'),
(282, 40, 304, '2013-02-28 09:07:06'),
(283, 40, 137, '2013-02-28 09:07:09'),
(284, 40, 320, '2013-02-28 09:07:12'),
(285, 40, 328, '2013-02-28 09:07:15'),
(286, 40, 14, '2013-02-28 09:07:51'),
(287, 40, 258, '2013-02-28 09:07:54'),
(288, 40, 149, '2013-02-28 09:07:57'),
(289, 40, 274, '2013-02-28 09:10:54'),
(290, 40, 157, '2013-02-28 09:11:20'),
(291, 40, 278, '2013-02-28 09:11:23'),
(292, 40, 338, '2013-02-28 09:11:27'),
(293, 40, 142, '2013-02-28 09:11:31'),
(294, 40, 56, '2013-02-28 09:11:35'),
(295, 40, 51, '2013-02-28 09:11:38'),
(296, 41, 165, '2013-02-28 10:15:32'),
(297, 41, 225, '2013-02-28 10:15:35'),
(298, 41, 231, '2013-02-28 10:15:37'),
(299, 41, 301, '2013-02-28 10:15:39'),
(300, 41, 183, '2013-02-28 10:15:42'),
(301, 41, 208, '2013-02-28 10:15:45'),
(302, 41, 259, '2013-02-28 10:15:47'),
(303, 41, 148, '2013-02-28 10:15:49'),
(304, 41, 3, '2013-02-28 10:15:51'),
(305, 41, 57, '2013-02-28 10:15:54'),
(306, 41, 85, '2013-02-28 10:15:56'),
(307, 41, 54, '2013-02-28 10:15:58'),
(308, 41, 86, '2013-02-28 10:16:01'),
(309, 41, 232, '2013-02-28 10:16:04'),
(310, 41, 250, '2013-02-28 10:16:06'),
(311, 41, 224, '2013-02-28 10:16:08'),
(312, 41, 90, '2013-02-28 10:16:10'),
(313, 41, 194, '2013-02-28 10:16:13'),
(314, 41, 36, '2013-02-28 10:16:16'),
(315, 42, 43, '2013-03-01 09:06:40'),
(316, 42, 338, '2013-03-01 09:06:43'),
(317, 42, 49, '2013-03-01 09:06:46'),
(318, 42, 51, '2013-03-01 09:06:48'),
(319, 42, 178, '2013-03-01 09:06:51'),
(320, 42, 304, '2013-03-01 09:06:54'),
(321, 42, 27, '2013-03-01 09:06:56'),
(322, 42, 235, '2013-03-01 09:07:06'),
(323, 42, 137, '2013-03-01 09:07:10'),
(324, 42, 158, '2013-03-01 09:07:13'),
(325, 42, 151, '2013-03-01 09:07:15'),
(326, 42, 56, '2013-03-01 09:07:20'),
(327, 42, 142, '2013-03-01 09:07:22'),
(328, 42, 328, '2013-03-01 09:07:26'),
(329, 42, 320, '2013-03-01 09:07:28'),
(330, 42, 79, '2013-03-01 09:07:32'),
(331, 42, 240, '2013-03-01 09:07:39'),
(332, 42, 14, '2013-03-01 09:08:05'),
(333, 42, 258, '2013-03-01 09:08:08'),
(334, 42, 212, '2013-03-01 09:08:14'),
(335, 42, 149, '2013-03-01 09:08:42'),
(336, 42, 157, '2013-03-01 09:08:49'),
(337, 43, 34, '2013-03-01 11:01:25'),
(338, 43, 339, '2013-03-01 11:01:28'),
(339, 43, 314, '2013-03-01 11:01:31'),
(340, 43, 110, '2013-03-01 11:01:34'),
(341, 43, 38, '2013-03-01 11:01:37'),
(342, 43, 324, '2013-03-01 11:01:39'),
(343, 43, 300, '2013-03-01 11:01:41'),
(344, 43, 222, '2013-03-01 11:01:43'),
(345, 43, 61, '2013-03-01 11:01:45'),
(346, 43, 311, '2013-03-01 11:01:47'),
(347, 43, 241, '2013-03-01 11:01:50'),
(348, 43, 189, '2013-03-01 11:01:52'),
(349, 43, 284, '2013-03-01 11:01:55'),
(350, 43, 228, '2013-03-01 11:01:57'),
(351, 43, 132, '2013-03-01 11:01:59'),
(352, 43, 238, '2013-03-01 11:02:01'),
(353, 43, 97, '2013-03-01 11:02:03'),
(354, 43, 206, '2013-03-01 11:02:05'),
(355, 43, 257, '2013-03-01 11:02:08'),
(356, 43, 204, '2013-03-01 11:02:10'),
(357, 43, 93, '2013-03-01 11:02:14'),
(358, 43, 269, '2013-03-01 11:02:16'),
(359, 43, 256, '2013-03-01 11:02:20'),
(360, 44, 165, '2013-03-06 07:14:49'),
(361, 44, 225, '2013-03-06 07:14:52'),
(362, 44, 231, '2013-03-06 07:14:55'),
(363, 44, 54, '2013-03-06 07:14:58'),
(364, 44, 57, '2013-03-06 07:15:00'),
(365, 44, 301, '2013-03-06 07:15:03'),
(366, 44, 3, '2013-03-06 07:15:06'),
(367, 44, 85, '2013-03-06 07:15:08'),
(368, 44, 183, '2013-03-06 07:15:10'),
(369, 44, 148, '2013-03-06 07:15:14'),
(370, 44, 259, '2013-03-06 07:15:16'),
(371, 44, 250, '2013-03-06 07:15:19'),
(372, 44, 262, '2013-03-06 07:15:31'),
(373, 44, 36, '2013-03-06 07:15:36'),
(374, 44, 90, '2013-03-06 07:15:40'),
(375, 44, 232, '2013-03-06 07:15:43'),
(376, 44, 263, '2013-03-06 07:15:47'),
(377, 44, 86, '2013-03-06 07:15:50'),
(378, 44, 224, '2013-03-06 07:15:52'),
(379, 44, 194, '2013-03-06 07:15:58'),
(380, 44, 208, '2013-03-06 07:16:45'),
(381, 45, 264, '2013-03-06 09:07:46'),
(382, 45, 334, '2013-03-06 09:07:48'),
(383, 45, 166, '2013-03-06 09:07:51'),
(384, 45, 10, '2013-03-06 09:07:53'),
(385, 45, 162, '2013-03-06 09:07:56'),
(386, 45, 47, '2013-03-06 09:08:04'),
(387, 45, 134, '2013-03-06 09:08:07'),
(388, 45, 122, '2013-03-06 09:08:10'),
(389, 45, 105, '2013-03-06 09:08:13'),
(390, 45, 102, '2013-03-06 09:08:15'),
(391, 45, 31, '2013-03-06 09:08:17'),
(392, 45, 160, '2013-03-06 09:08:20'),
(393, 45, 153, '2013-03-06 09:08:23'),
(394, 45, 16, '2013-03-06 09:08:25'),
(395, 45, 67, '2013-03-06 09:08:28'),
(396, 45, 30, '2013-03-06 09:08:32'),
(397, 45, 24, '2013-03-06 09:08:34'),
(398, 45, 7, '2013-03-06 09:08:37'),
(399, 45, 141, '2013-03-06 09:08:39'),
(400, 45, 45, '2013-03-06 09:08:43'),
(401, 46, 302, '2013-03-06 10:54:39'),
(402, 46, 229, '2013-03-06 10:54:43'),
(403, 46, 303, '2013-03-06 10:54:45'),
(404, 46, 326, '2013-03-06 10:54:48'),
(405, 46, 272, '2013-03-06 10:54:51'),
(406, 46, 273, '2013-03-06 10:54:53'),
(407, 46, 211, '2013-03-06 10:54:58'),
(408, 46, 267, '2013-03-06 10:55:01'),
(409, 46, 260, '2013-03-06 10:55:04'),
(410, 46, 214, '2013-03-06 10:55:06'),
(411, 46, 193, '2013-03-06 10:55:08'),
(412, 46, 247, '2013-03-06 10:55:11'),
(413, 46, 92, '2013-03-06 10:55:13'),
(414, 46, 199, '2013-03-06 10:55:15'),
(415, 46, 315, '2013-03-06 10:55:17'),
(416, 46, 220, '2013-03-06 10:55:19'),
(417, 47, 160, '2013-03-08 09:06:34'),
(418, 47, 30, '2013-03-08 09:06:37'),
(419, 47, 67, '2013-03-08 09:06:39'),
(420, 47, 7, '2013-03-08 09:06:42'),
(421, 47, 105, '2013-03-08 09:06:44'),
(422, 47, 141, '2013-03-08 09:06:46'),
(423, 47, 122, '2013-03-08 09:06:49'),
(424, 47, 134, '2013-03-08 09:06:52'),
(425, 47, 102, '2013-03-08 09:06:55'),
(426, 47, 24, '2013-03-08 09:06:58'),
(427, 47, 16, '2013-03-08 09:07:01'),
(428, 47, 47, '2013-03-08 09:07:04'),
(429, 47, 153, '2013-03-08 09:07:06'),
(430, 47, 4, '2013-03-08 09:07:09'),
(431, 47, 31, '2013-03-08 09:07:12'),
(432, 47, 267, '2013-03-08 09:07:18'),
(433, 47, 162, '2013-03-08 09:07:22'),
(434, 47, 262, '2013-03-08 09:07:24'),
(435, 47, 271, '2013-03-08 09:07:35'),
(436, 48, 334, '2013-03-08 12:30:17'),
(437, 48, 45, '2013-03-08 12:30:21'),
(438, 48, 229, '2013-03-08 12:30:23'),
(439, 48, 303, '2013-03-08 12:30:26'),
(440, 48, 92, '2013-03-08 12:30:28'),
(441, 48, 273, '2013-03-08 12:30:31'),
(442, 48, 199, '2013-03-08 12:30:33'),
(443, 48, 315, '2013-03-08 12:30:35'),
(444, 48, 193, '2013-03-08 12:30:38'),
(445, 48, 214, '2013-03-08 12:30:40'),
(446, 48, 260, '2013-03-08 12:30:43'),
(447, 48, 166, '2013-03-08 12:30:46'),
(448, 48, 211, '2013-03-08 12:30:49'),
(449, 48, 263, '2013-03-08 12:30:52'),
(450, 48, 247, '2013-03-08 12:30:55'),
(451, 48, 220, '2013-03-08 12:30:58'),
(452, 48, 272, '2013-03-08 12:31:00'),
(453, 49, 231, '2013-03-11 07:16:52'),
(454, 49, 57, '2013-03-11 07:16:55'),
(455, 49, 259, '2013-03-11 07:16:57'),
(456, 49, 301, '2013-03-11 07:16:59'),
(457, 49, 183, '2013-03-11 07:17:01'),
(458, 49, 165, '2013-03-11 07:17:04'),
(459, 49, 225, '2013-03-11 07:17:07'),
(460, 49, 208, '2013-03-11 07:17:10'),
(461, 49, 86, '2013-03-11 07:17:13'),
(462, 49, 250, '2013-03-11 07:17:16'),
(463, 49, 148, '2013-03-11 07:17:18'),
(464, 49, 326, '2013-03-11 07:17:21'),
(465, 49, 91, '2013-03-11 07:17:24'),
(466, 49, 141, '2013-03-11 07:17:26'),
(467, 49, 232, '2013-03-11 07:17:29'),
(468, 49, 90, '2013-03-11 07:17:31'),
(469, 49, 224, '2013-03-11 07:17:34'),
(470, 49, 54, '2013-03-11 07:17:37'),
(471, 50, 7, '2013-03-11 10:05:20'),
(472, 50, 160, '2013-03-11 10:05:23'),
(473, 50, 30, '2013-03-11 10:05:26'),
(474, 50, 105, '2013-03-11 10:05:28'),
(475, 50, 10, '2013-03-11 10:05:31'),
(476, 50, 67, '2013-03-11 10:05:33'),
(477, 50, 45, '2013-03-11 10:05:37'),
(478, 50, 134, '2013-03-11 10:05:40'),
(479, 50, 24, '2013-03-11 10:05:43'),
(480, 50, 16, '2013-03-11 10:05:45'),
(481, 50, 47, '2013-03-11 10:05:47'),
(482, 50, 31, '2013-03-11 10:05:50'),
(483, 50, 153, '2013-03-11 10:05:53'),
(484, 50, 162, '2013-03-11 10:05:57'),
(485, 50, 122, '2013-03-11 10:06:00'),
(486, 50, 4, '2013-03-11 10:06:03'),
(487, 50, 100, '2013-03-11 10:06:06'),
(488, 50, 194, '2013-03-11 10:06:10'),
(489, 51, 214, '2013-03-12 09:07:51'),
(490, 51, 193, '2013-03-12 09:07:53'),
(491, 51, 260, '2013-03-12 09:07:56'),
(492, 51, 302, '2013-03-12 09:07:58'),
(493, 51, 211, '2013-03-12 09:08:01'),
(494, 51, 263, '2013-03-12 09:08:03'),
(495, 51, 321, '2013-03-12 09:08:06'),
(496, 51, 334, '2013-03-12 09:08:09'),
(497, 51, 166, '2013-03-12 09:08:11'),
(498, 51, 262, '2013-03-12 09:08:14'),
(499, 51, 199, '2013-03-12 09:08:17'),
(500, 51, 273, '2013-03-12 09:08:22'),
(501, 51, 220, '2013-03-12 09:08:25'),
(502, 51, 247, '2013-03-12 09:08:29'),
(503, 51, 92, '2013-03-12 09:08:34'),
(504, 51, 271, '2013-03-12 09:09:00'),
(505, 51, 303, '2013-03-12 09:09:02'),
(506, 51, 236, '2013-03-12 09:09:37'),
(507, 52, 165, '2013-03-13 07:17:42'),
(508, 52, 225, '2013-03-13 07:17:45'),
(509, 52, 54, '2013-03-13 07:17:47'),
(510, 52, 231, '2013-03-13 07:17:51'),
(511, 52, 57, '2013-03-13 07:17:53'),
(512, 52, 259, '2013-03-13 07:17:55'),
(513, 52, 183, '2013-03-13 07:17:57'),
(514, 52, 301, '2013-03-13 07:18:00'),
(515, 52, 250, '2013-03-13 07:18:03'),
(516, 52, 148, '2013-03-13 07:18:05'),
(517, 52, 326, '2013-03-13 07:18:08'),
(518, 52, 85, '2013-03-13 07:18:10'),
(519, 52, 91, '2013-03-13 07:18:25'),
(520, 52, 262, '2013-03-13 07:18:29'),
(521, 52, 90, '2013-03-13 07:18:31'),
(522, 52, 232, '2013-03-13 07:18:33'),
(523, 52, 263, '2013-03-13 07:18:36'),
(524, 52, 208, '2013-03-13 07:18:39'),
(525, 52, 86, '2013-03-13 07:18:43'),
(526, 52, 224, '2013-03-13 07:18:47'),
(527, 52, 194, '2013-03-13 07:18:51'),
(528, 52, 36, '2013-03-13 07:19:42'),
(529, 53, 122, '2013-03-13 09:05:26'),
(530, 53, 334, '2013-03-13 09:05:28'),
(531, 53, 160, '2013-03-13 09:05:30'),
(532, 53, 7, '2013-03-13 09:05:32'),
(533, 53, 30, '2013-03-13 09:05:34'),
(534, 53, 141, '2013-03-13 09:05:36'),
(535, 53, 105, '2013-03-13 09:05:40'),
(536, 53, 264, '2013-03-13 09:05:44'),
(537, 53, 162, '2013-03-13 09:05:49'),
(538, 53, 4, '2013-03-13 09:05:51'),
(539, 53, 10, '2013-03-13 09:05:54'),
(540, 53, 67, '2013-03-13 09:05:57'),
(541, 53, 271, '2013-03-13 09:06:00'),
(542, 53, 134, '2013-03-13 09:06:03'),
(543, 53, 153, '2013-03-13 09:06:06'),
(544, 53, 16, '2013-03-13 09:06:09'),
(545, 53, 47, '2013-03-13 09:06:13'),
(546, 53, 24, '2013-03-13 09:06:16'),
(547, 53, 31, '2013-03-13 09:07:11'),
(548, 54, 272, '2013-03-13 10:53:47'),
(549, 54, 273, '2013-03-13 10:53:49'),
(550, 54, 199, '2013-03-13 10:53:52'),
(551, 54, 214, '2013-03-13 10:53:55'),
(552, 54, 303, '2013-03-13 10:53:57'),
(553, 54, 260, '2013-03-13 10:53:59'),
(554, 54, 211, '2013-03-13 10:54:01'),
(555, 54, 193, '2013-03-13 10:54:04'),
(556, 54, 302, '2013-03-13 10:54:06'),
(557, 54, 229, '2013-03-13 10:54:09'),
(558, 54, 315, '2013-03-13 10:54:12'),
(559, 54, 92, '2013-03-13 10:54:16'),
(560, 54, 267, '2013-03-13 10:54:37'),
(561, 55, 151, '2013-03-14 09:05:56'),
(562, 55, 212, '2013-03-14 09:05:59'),
(563, 55, 49, '2013-03-14 09:06:02'),
(564, 55, 56, '2013-03-14 09:06:05'),
(565, 55, 137, '2013-03-14 09:06:07'),
(566, 55, 258, '2013-03-14 09:06:10'),
(567, 55, 287, '2013-03-14 09:06:13'),
(568, 55, 149, '2013-03-14 09:06:15'),
(569, 55, 342, '2013-03-14 09:06:18'),
(570, 55, 278, '2013-03-14 09:06:20'),
(571, 55, 274, '2013-03-14 09:06:23'),
(572, 55, 51, '2013-03-14 09:06:26'),
(573, 55, 158, '2013-03-14 09:06:29'),
(574, 55, 78, '2013-03-14 09:06:31'),
(575, 55, 338, '2013-03-14 09:06:39'),
(576, 55, 132, '2013-03-14 09:06:41'),
(577, 55, 27, '2013-03-14 09:06:44'),
(578, 55, 345, '2013-03-14 09:06:47'),
(579, 55, 142, '2013-03-14 09:06:49'),
(580, 55, 43, '2013-03-14 09:06:51'),
(581, 55, 240, '2013-03-14 09:06:53'),
(582, 55, 186, '2013-03-14 09:06:55'),
(583, 55, 320, '2013-03-14 09:06:58'),
(584, 55, 328, '2013-03-14 09:07:01'),
(585, 55, 178, '2013-03-14 09:07:03'),
(586, 55, 177, '2013-03-14 09:07:06'),
(587, 55, 283, '2013-03-14 09:09:24'),
(588, 55, 157, '2013-03-14 09:09:28'),
(589, 55, 14, '2013-03-14 09:13:51'),
(590, 56, 314, '2013-03-14 10:58:06'),
(591, 56, 324, '2013-03-14 10:58:10'),
(592, 56, 206, '2013-03-14 10:58:12'),
(593, 56, 34, '2013-03-14 10:58:16'),
(594, 56, 38, '2013-03-14 10:58:20'),
(595, 56, 241, '2013-03-14 10:58:22'),
(596, 56, 103, '2013-03-14 10:58:24'),
(597, 56, 125, '2013-03-14 10:58:27'),
(598, 56, 222, '2013-03-14 10:58:30'),
(599, 56, 128, '2013-03-14 10:58:32'),
(600, 56, 61, '2013-03-14 10:58:35'),
(601, 56, 284, '2013-03-14 10:58:38'),
(602, 56, 93, '2013-03-14 10:58:41'),
(603, 56, 256, '2013-03-14 10:58:45'),
(604, 56, 204, '2013-03-14 10:58:48'),
(605, 56, 228, '2013-03-14 10:58:52'),
(606, 56, 97, '2013-03-14 10:58:55'),
(607, 56, 238, '2013-03-14 10:58:58'),
(608, 56, 110, '2013-03-14 10:59:01'),
(609, 56, 269, '2013-03-14 10:59:04'),
(610, 56, 189, '2013-03-14 10:59:22'),
(611, 57, 27, '2013-03-15 09:00:55'),
(612, 57, 151, '2013-03-15 09:00:58'),
(613, 57, 186, '2013-03-15 09:01:00'),
(614, 57, 328, '2013-03-15 09:01:03'),
(615, 57, 137, '2013-03-15 09:01:05'),
(616, 57, 304, '2013-03-15 09:01:08'),
(617, 57, 49, '2013-03-15 09:01:11'),
(618, 57, 345, '2013-03-15 09:01:13'),
(619, 57, 56, '2013-03-15 09:01:15'),
(620, 57, 278, '2013-03-15 09:01:18'),
(621, 57, 51, '2013-03-15 09:01:20'),
(622, 57, 132, '2013-03-15 09:01:22'),
(623, 57, 338, '2013-03-15 09:01:24'),
(624, 57, 178, '2013-03-15 09:01:27'),
(625, 57, 274, '2013-03-15 09:01:44'),
(626, 57, 79, '2013-03-15 09:01:49'),
(627, 57, 258, '2013-03-15 09:02:30'),
(628, 57, 212, '2013-03-15 09:02:37'),
(629, 57, 149, '2013-03-15 09:02:41'),
(630, 57, 158, '2013-03-15 09:03:03'),
(631, 57, 287, '2013-03-15 09:03:51'),
(632, 57, 283, '2013-03-15 09:05:20'),
(633, 57, 14, '2013-03-15 09:06:46'),
(634, 57, 197, '2013-03-15 09:06:48'),
(635, 57, 157, '2013-03-15 09:08:55'),
(636, 57, 43, '2013-03-15 09:14:30'),
(637, 58, 284, '2013-03-15 11:00:23'),
(638, 58, 257, '2013-03-15 11:00:25'),
(639, 58, 93, '2013-03-15 11:00:28'),
(640, 58, 206, '2013-03-15 11:00:31'),
(641, 58, 256, '2013-03-15 11:00:33'),
(642, 58, 38, '2013-03-15 11:00:35'),
(643, 58, 110, '2013-03-15 11:00:39'),
(644, 58, 240, '2013-03-15 11:00:44'),
(645, 58, 228, '2013-03-15 11:00:46'),
(646, 58, 34, '2013-03-15 11:00:49'),
(647, 58, 314, '2013-03-15 11:00:52'),
(648, 58, 241, '2013-03-15 11:00:54'),
(649, 58, 300, '2013-03-15 11:00:56'),
(650, 58, 189, '2013-03-15 11:00:59'),
(651, 58, 61, '2013-03-15 11:01:01'),
(652, 58, 204, '2013-03-15 11:01:03'),
(653, 58, 269, '2013-03-15 11:01:06'),
(654, 58, 222, '2013-03-15 11:01:10'),
(655, 58, 128, '2013-03-15 11:01:59'),
(656, 59, 3, '2013-03-25 08:21:43'),
(657, 59, 57, '2013-03-25 08:21:45'),
(658, 59, 208, '2013-03-25 08:21:48'),
(659, 59, 183, '2013-03-25 08:21:51'),
(660, 59, 148, '2013-03-25 08:21:53'),
(661, 59, 321, '2013-03-25 08:21:55'),
(662, 59, 231, '2013-03-25 08:21:57'),
(663, 59, 194, '2013-03-25 08:22:05'),
(664, 59, 259, '2013-03-25 08:22:09'),
(665, 59, 232, '2013-03-25 08:22:12'),
(666, 59, 86, '2013-03-25 08:22:15'),
(667, 59, 85, '2013-03-25 08:22:17'),
(668, 59, 165, '2013-03-25 08:22:21'),
(669, 59, 225, '2013-03-25 08:22:30'),
(670, 59, 36, '2013-03-25 08:22:36'),
(671, 59, 326, '2013-03-25 08:22:42'),
(672, 60, 10, '2013-03-25 10:10:22'),
(673, 60, 166, '2013-03-25 10:10:24'),
(674, 60, 105, '2013-03-25 10:10:27'),
(675, 60, 7, '2013-03-25 10:10:29'),
(676, 60, 47, '2013-03-25 10:10:33'),
(677, 60, 67, '2013-03-25 10:10:36'),
(678, 60, 134, '2013-03-25 10:10:39'),
(679, 60, 102, '2013-03-25 10:10:41'),
(680, 60, 31, '2013-03-25 10:10:44'),
(681, 60, 45, '2013-03-25 10:10:47'),
(682, 60, 122, '2013-03-25 10:10:50'),
(683, 60, 24, '2013-03-25 10:10:53'),
(684, 60, 16, '2013-03-25 10:10:56'),
(685, 60, 271, '2013-03-25 10:10:59'),
(686, 60, 153, '2013-03-25 10:11:02'),
(687, 60, 162, '2013-03-25 10:11:05'),
(688, 60, 160, '2013-03-25 10:11:10'),
(689, 60, 100, '2013-03-25 10:11:13'),
(690, 61, 193, '2013-03-26 09:14:52'),
(691, 61, 334, '2013-03-26 09:14:54'),
(692, 61, 273, '2013-03-26 09:14:56'),
(693, 61, 302, '2013-03-26 09:14:59'),
(694, 61, 321, '2013-03-26 09:15:02'),
(695, 61, 214, '2013-03-26 09:15:04'),
(696, 61, 260, '2013-03-26 09:15:06'),
(697, 61, 263, '2013-03-26 09:15:09'),
(698, 61, 211, '2013-03-26 09:15:11'),
(699, 61, 267, '2013-03-26 09:15:14'),
(700, 61, 262, '2013-03-26 09:15:16'),
(701, 61, 303, '2013-03-26 09:15:18'),
(702, 61, 272, '2013-03-26 09:15:24'),
(703, 61, 4, '2013-03-26 09:15:28'),
(704, 61, 247, '2013-03-26 09:15:31'),
(705, 61, 199, '2013-03-26 09:15:36'),
(706, 61, 92, '2013-03-26 09:15:40'),
(707, 61, 315, '2013-03-26 09:15:42'),
(708, 61, 90, '2013-03-26 09:16:03'),
(709, 61, 224, '2013-03-26 09:16:06'),
(710, 61, 250, '2013-03-26 09:16:15'),
(711, 62, 54, '2013-03-27 07:16:00'),
(712, 62, 259, '2013-03-27 07:16:05'),
(713, 62, 225, '2013-03-27 07:16:08'),
(714, 62, 57, '2013-03-27 07:16:10'),
(715, 62, 231, '2013-03-27 07:16:12'),
(716, 62, 183, '2013-03-27 07:16:15'),
(717, 62, 86, '2013-03-27 07:16:20'),
(718, 62, 3, '2013-03-27 07:16:23'),
(719, 62, 85, '2013-03-27 07:16:25'),
(720, 62, 208, '2013-03-27 07:16:28'),
(721, 62, 148, '2013-03-27 07:16:30'),
(722, 62, 263, '2013-03-27 07:16:33'),
(723, 62, 321, '2013-03-27 07:16:36'),
(724, 62, 262, '2013-03-27 07:16:38'),
(725, 62, 301, '2013-03-27 07:16:41'),
(726, 62, 250, '2013-03-27 07:16:43'),
(727, 62, 91, '2013-03-27 07:16:45'),
(728, 62, 36, '2013-03-27 07:16:47'),
(729, 62, 326, '2013-03-27 07:16:49'),
(730, 62, 90, '2013-03-27 07:16:52'),
(731, 62, 232, '2013-03-27 07:16:54'),
(732, 62, 224, '2013-03-27 07:16:58'),
(733, 63, 10, '2013-03-27 09:03:18'),
(734, 63, 30, '2013-03-27 09:03:22'),
(735, 63, 160, '2013-03-27 09:03:25'),
(736, 63, 7, '2013-03-27 09:03:27'),
(737, 63, 334, '2013-03-27 09:03:30'),
(738, 63, 166, '2013-03-27 09:03:32'),
(739, 63, 122, '2013-03-27 09:03:42'),
(740, 63, 16, '2013-03-27 09:03:44'),
(741, 63, 24, '2013-03-27 09:03:48'),
(742, 63, 105, '2013-03-27 09:03:50'),
(743, 63, 264, '2013-03-27 09:03:53'),
(744, 63, 4, '2013-03-27 09:03:56'),
(745, 63, 153, '2013-03-27 09:03:58'),
(746, 63, 162, '2013-03-27 09:04:01'),
(747, 63, 100, '2013-03-27 09:04:05'),
(748, 63, 45, '2013-03-27 09:04:09'),
(749, 63, 47, '2013-03-27 09:05:49'),
(750, 63, 134, '2013-03-27 09:06:08'),
(751, 63, 31, '2013-03-27 09:06:55'),
(752, 64, 315, '2013-03-27 10:55:07'),
(753, 64, 199, '2013-03-27 10:55:10'),
(754, 64, 193, '2013-03-27 10:55:12'),
(755, 64, 214, '2013-03-27 10:55:15'),
(756, 64, 273, '2013-03-27 10:55:17'),
(757, 64, 302, '2013-03-27 10:55:20'),
(758, 64, 211, '2013-03-27 10:55:23'),
(759, 64, 260, '2013-03-27 10:55:25'),
(760, 64, 236, '2013-03-27 10:55:28'),
(761, 64, 220, '2013-03-27 10:55:31'),
(762, 64, 267, '2013-03-27 10:55:38'),
(763, 64, 303, '2013-03-27 10:56:13'),
(764, 64, 272, '2013-03-27 10:56:22'),
(765, 64, 271, '2013-03-27 10:56:26'),
(766, 64, 247, '2013-03-27 10:56:50'),
(767, 65, 151, '2013-03-28 09:05:53'),
(768, 65, 304, '2013-03-28 09:05:56'),
(769, 65, 51, '2013-03-28 09:05:59'),
(770, 65, 278, '2013-03-28 09:06:02'),
(771, 65, 49, '2013-03-28 09:06:05'),
(772, 65, 212, '2013-03-28 09:06:08'),
(773, 65, 258, '2013-03-28 09:06:10'),
(774, 65, 308, '2013-03-28 09:06:12'),
(775, 65, 56, '2013-03-28 09:06:15'),
(776, 65, 158, '2013-03-28 09:06:17'),
(777, 65, 78, '2013-03-28 09:06:19'),
(778, 65, 14, '2013-03-28 09:06:22'),
(779, 65, 338, '2013-03-28 09:06:24'),
(780, 65, 149, '2013-03-28 09:06:29'),
(781, 65, 132, '2013-03-28 09:06:32'),
(782, 65, 274, '2013-03-28 09:06:35'),
(783, 65, 235, '2013-03-28 09:06:40'),
(784, 65, 178, '2013-03-28 09:06:42'),
(785, 65, 240, '2013-03-28 09:06:44'),
(786, 65, 177, '2013-03-28 09:06:47'),
(787, 65, 27, '2013-03-28 09:06:49'),
(788, 65, 79, '2013-03-28 09:06:52'),
(789, 65, 137, '2013-03-28 09:06:55'),
(790, 65, 320, '2013-03-28 09:07:05'),
(791, 65, 328, '2013-03-28 09:07:08'),
(792, 65, 283, '2013-03-28 09:07:12'),
(793, 65, 345, '2013-03-28 09:07:20'),
(794, 66, 339, '2013-03-28 10:59:44'),
(795, 66, 128, '2013-03-28 10:59:47'),
(796, 66, 110, '2013-03-28 10:59:51'),
(797, 66, 38, '2013-03-28 10:59:54'),
(798, 66, 238, '2013-03-28 10:59:56'),
(799, 66, 142, '2013-03-28 10:59:59'),
(800, 66, 311, '2013-03-28 11:00:01'),
(801, 66, 228, '2013-03-28 11:00:05'),
(802, 66, 189, '2013-03-28 11:00:08'),
(803, 66, 222, '2013-03-28 11:00:10'),
(804, 66, 314, '2013-03-28 11:00:16'),
(805, 66, 34, '2013-03-28 11:01:38'),
(806, 66, 256, '2013-03-28 11:01:42'),
(807, 66, 300, '2013-03-28 11:02:48'),
(808, 66, 324, '2013-03-28 11:03:31'),
(809, 66, 269, '2013-03-28 11:04:23'),
(810, 66, 97, '2013-03-28 11:04:26'),
(811, 66, 61, '2013-03-28 11:05:22'),
(812, 67, 151, '2013-03-29 09:02:47'),
(813, 67, 137, '2013-03-29 09:02:50'),
(814, 67, 283, '2013-03-29 09:02:52'),
(815, 67, 78, '2013-03-29 09:02:55'),
(816, 67, 158, '2013-03-29 09:02:57'),
(817, 67, 240, '2013-03-29 09:03:03'),
(818, 67, 177, '2013-03-29 09:03:06'),
(819, 67, 178, '2013-03-29 09:03:08'),
(820, 67, 27, '2013-03-29 09:03:10'),
(821, 67, 51, '2013-03-29 09:03:13'),
(822, 67, 43, '2013-03-29 09:03:15'),
(823, 67, 132, '2013-03-29 09:03:18'),
(824, 67, 328, '2013-03-29 09:03:21'),
(825, 67, 212, '2013-03-29 09:03:24'),
(826, 67, 56, '2013-03-29 09:03:27'),
(827, 67, 274, '2013-03-29 09:04:17'),
(828, 67, 79, '2013-03-29 09:04:21'),
(829, 67, 157, '2013-03-29 09:04:23'),
(830, 67, 149, '2013-03-29 09:07:10'),
(831, 67, 142, '2013-03-29 09:07:12'),
(832, 67, 258, '2013-03-29 09:07:15'),
(833, 67, 345, '2013-03-29 09:07:25'),
(834, 67, 197, '2013-03-29 09:08:22'),
(835, 67, 304, '2013-03-29 09:09:25'),
(836, 68, 189, '2013-03-29 11:03:25'),
(837, 68, 241, '2013-03-29 11:03:27'),
(838, 68, 300, '2013-03-29 11:03:29'),
(839, 68, 311, '2013-03-29 11:03:32'),
(840, 68, 339, '2013-03-29 11:03:35'),
(841, 68, 110, '2013-03-29 11:03:38'),
(842, 68, 38, '2013-03-29 11:03:40'),
(843, 68, 222, '2013-03-29 11:03:42'),
(844, 68, 128, '2013-03-29 11:03:46'),
(845, 68, 34, '2013-03-29 11:03:50'),
(846, 68, 61, '2013-03-29 11:03:53'),
(847, 68, 314, '2013-03-29 11:03:56'),
(848, 68, 125, '2013-03-29 11:03:59'),
(849, 68, 269, '2013-03-29 11:04:02'),
(850, 68, 328, '2013-03-29 11:11:12'),
(851, 68, 256, '2013-03-29 11:14:12'),
(852, 69, 199, '2013-03-30 08:04:12'),
(853, 69, 301, '2013-03-30 08:04:14'),
(854, 69, 45, '2013-03-30 08:04:17'),
(855, 69, 220, '2013-03-30 08:04:20'),
(856, 69, 47, '2013-03-30 08:04:22'),
(857, 69, 102, '2013-03-30 08:04:25'),
(858, 69, 166, '2013-03-30 08:04:28'),
(859, 69, 105, '2013-03-30 08:04:31'),
(860, 69, 16, '2013-03-30 08:04:33'),
(861, 69, 225, '2013-03-30 08:04:36'),
(862, 69, 24, '2013-03-30 08:04:39'),
(863, 69, 259, '2013-03-30 08:04:41'),
(864, 69, 153, '2013-03-30 08:04:44'),
(865, 69, 57, '2013-03-30 08:04:46'),
(866, 69, 31, '2013-03-30 08:04:49'),
(867, 69, 231, '2013-03-30 08:04:51'),
(868, 69, 260, '2013-03-30 08:04:53'),
(869, 69, 334, '2013-03-30 08:04:55'),
(870, 69, 30, '2013-03-30 08:04:58'),
(871, 69, 67, '2013-03-30 08:05:01'),
(872, 69, 85, '2013-03-30 08:05:04'),
(873, 69, 302, '2013-03-30 08:05:07'),
(874, 69, 122, '2013-03-30 08:05:10'),
(875, 69, 183, '2013-03-30 08:05:13'),
(876, 69, 306, '2013-03-30 08:05:16'),
(877, 69, 267, '2013-03-30 08:05:18'),
(878, 69, 271, '2013-03-30 08:05:21'),
(879, 69, 4, '2013-03-30 08:05:23'),
(880, 70, 208, '2013-03-30 11:01:28'),
(881, 70, 273, '2013-03-30 11:01:31'),
(882, 70, 3, '2013-03-30 11:01:34'),
(883, 70, 86, '2013-03-30 11:01:36'),
(884, 70, 193, '2013-03-30 11:01:38'),
(885, 70, 214, '2013-03-30 11:01:41'),
(886, 70, 321, '2013-03-30 11:01:44'),
(887, 70, 148, '2013-03-30 11:01:48'),
(888, 70, 100, '2013-03-30 11:01:50'),
(889, 70, 232, '2013-03-30 11:01:53'),
(890, 70, 250, '2013-03-30 11:01:55'),
(891, 70, 194, '2013-03-30 11:01:57'),
(892, 70, 10, '2013-03-30 11:02:00'),
(893, 70, 90, '2013-03-30 11:02:02'),
(894, 70, 247, '2013-03-30 11:02:05'),
(895, 70, 315, '2013-03-30 11:02:07'),
(896, 70, 224, '2013-03-30 11:02:09'),
(897, 70, 92, '2013-03-30 11:02:11'),
(898, 70, 262, '2013-03-30 11:02:14'),
(899, 70, 326, '2013-03-30 11:02:16'),
(900, 70, 272, '2013-03-30 11:02:19'),
(901, 70, 264, '2013-03-30 11:03:21'),
(902, 71, 3, '2013-04-03 06:13:42'),
(903, 71, 183, '2013-04-03 06:13:46'),
(904, 71, 57, '2013-04-03 06:13:49'),
(905, 71, 225, '2013-04-03 06:13:54'),
(906, 71, 165, '2013-04-03 06:13:57'),
(907, 71, 259, '2013-04-03 06:14:02'),
(908, 71, 262, '2013-04-03 06:14:04'),
(909, 71, 231, '2013-04-03 06:14:06'),
(910, 71, 85, '2013-04-03 06:14:09'),
(911, 71, 148, '2013-04-03 06:14:12'),
(912, 71, 194, '2013-04-03 06:14:14'),
(913, 71, 86, '2013-04-03 06:14:17'),
(914, 71, 90, '2013-04-03 06:14:20'),
(915, 71, 326, '2013-04-03 06:14:22'),
(916, 71, 232, '2013-04-03 06:14:26'),
(917, 71, 224, '2013-04-03 06:14:30'),
(918, 71, 301, '2013-04-03 06:14:32'),
(919, 71, 208, '2013-04-03 06:14:35'),
(920, 71, 54, '2013-04-03 06:14:39'),
(921, 71, 250, '2013-04-03 06:16:30'),
(922, 72, 91, '2013-04-03 08:05:44'),
(923, 72, 100, '2013-04-03 08:05:49'),
(924, 72, 334, '2013-04-03 08:05:52'),
(925, 72, 105, '2013-04-03 08:05:54'),
(926, 72, 134, '2013-04-03 08:05:58'),
(927, 72, 122, '2013-04-03 08:06:00'),
(928, 72, 7, '2013-04-03 08:06:02'),
(929, 72, 67, '2013-04-03 08:06:05'),
(930, 72, 10, '2013-04-03 08:06:08'),
(931, 72, 160, '2013-04-03 08:06:11'),
(932, 72, 30, '2013-04-03 08:06:13'),
(933, 72, 193, '2013-04-03 08:06:15'),
(934, 72, 31, '2013-04-03 08:06:21'),
(935, 72, 47, '2013-04-03 08:06:23'),
(936, 72, 153, '2013-04-03 08:06:26'),
(937, 72, 16, '2013-04-03 08:06:29'),
(938, 72, 24, '2013-04-03 08:06:32'),
(939, 72, 264, '2013-04-03 08:06:34'),
(940, 72, 271, '2013-04-03 08:06:37'),
(941, 73, 273, '2013-04-03 09:52:38'),
(942, 73, 199, '2013-04-03 09:52:40'),
(943, 73, 166, '2013-04-03 09:52:44'),
(944, 73, 315, '2013-04-03 09:52:49'),
(945, 73, 303, '2013-04-03 09:52:51'),
(946, 73, 302, '2013-04-03 09:52:54'),
(947, 73, 214, '2013-04-03 09:52:57'),
(948, 73, 229, '2013-04-03 09:53:00'),
(949, 73, 27, '2013-04-03 09:53:02'),
(950, 73, 4, '2013-04-03 09:53:05'),
(951, 73, 272, '2013-04-03 09:53:08'),
(952, 73, 92, '2013-04-03 09:53:10'),
(953, 73, 211, '2013-04-03 09:53:14'),
(954, 73, 306, '2013-04-03 09:53:19'),
(955, 73, 321, '2013-04-03 09:53:22'),
(956, 73, 267, '2013-04-03 09:53:25'),
(957, 75, 301, '2013-04-04 12:25:53'),
(958, 75, 225, '2013-04-04 12:25:56'),
(959, 75, 183, '2013-04-04 12:25:58'),
(960, 75, 57, '2013-04-04 12:26:01'),
(961, 75, 85, '2013-04-04 12:26:03'),
(962, 75, 231, '2013-04-04 12:26:05'),
(963, 75, 259, '2013-04-04 12:26:07'),
(964, 75, 326, '2013-04-04 12:26:09'),
(965, 75, 148, '2013-04-04 12:26:12'),
(966, 75, 90, '2013-04-04 12:26:15'),
(967, 75, 232, '2013-04-04 12:26:17'),
(968, 75, 194, '2013-04-04 12:26:19'),
(969, 75, 224, '2013-04-04 12:26:22'),
(970, 76, 45, '2013-04-05 08:06:59'),
(971, 76, 264, '2013-04-05 08:07:09'),
(972, 76, 24, '2013-04-05 08:07:11'),
(973, 76, 153, '2013-04-05 08:07:14'),
(974, 76, 47, '2013-04-05 08:07:16'),
(975, 76, 16, '2013-04-05 08:07:19'),
(976, 76, 105, '2013-04-05 08:07:22'),
(977, 76, 7, '2013-04-05 08:07:24'),
(978, 76, 134, '2013-04-05 08:07:28'),
(979, 76, 31, '2013-04-05 08:07:31'),
(980, 76, 10, '2013-04-05 08:07:33'),
(981, 76, 315, '2013-04-05 08:07:35'),
(982, 76, 67, '2013-04-05 08:07:40'),
(983, 76, 30, '2013-04-05 08:07:42'),
(984, 76, 260, '2013-04-05 08:07:45'),
(985, 76, 321, '2013-04-05 08:08:26'),
(986, 77, 272, '2013-04-05 11:27:35'),
(987, 77, 262, '2013-04-05 11:27:39'),
(988, 77, 273, '2013-04-05 11:29:15'),
(989, 77, 214, '2013-04-05 11:29:30'),
(990, 77, 303, '2013-04-05 11:29:35'),
(991, 77, 92, '2013-04-05 11:29:37'),
(992, 77, 334, '2013-04-05 11:29:42'),
(993, 77, 193, '2013-04-05 11:29:50'),
(994, 77, 302, '2013-04-05 11:29:53'),
(995, 77, 211, '2013-04-05 11:29:55'),
(996, 77, 220, '2013-04-05 11:29:57'),
(997, 77, 267, '2013-04-05 11:30:00'),
(998, 77, 247, '2013-04-05 11:30:02'),
(999, 78, 3, '2013-04-08 07:16:18'),
(1000, 78, 57, '2013-04-08 07:16:20'),
(1001, 78, 183, '2013-04-08 07:16:23'),
(1002, 78, 85, '2013-04-08 07:16:25'),
(1003, 78, 148, '2013-04-08 07:16:28'),
(1004, 78, 224, '2013-04-08 07:16:31'),
(1005, 78, 90, '2013-04-08 07:16:33'),
(1006, 78, 225, '2013-04-08 07:16:39'),
(1007, 78, 259, '2013-04-08 07:16:41'),
(1008, 78, 326, '2013-04-08 07:16:51'),
(1009, 78, 231, '2013-04-08 07:16:53'),
(1010, 78, 194, '2013-04-08 07:17:03'),
(1011, 78, 86, '2013-04-08 07:17:06'),
(1012, 78, 232, '2013-04-08 07:17:08'),
(1013, 78, 165, '2013-04-08 07:17:16'),
(1014, 79, 100, '2013-04-08 09:01:51'),
(1015, 79, 47, '2013-04-08 09:01:53'),
(1016, 79, 166, '2013-04-08 09:01:56'),
(1017, 79, 134, '2013-04-08 09:01:58'),
(1018, 79, 153, '2013-04-08 09:02:01'),
(1019, 79, 105, '2013-04-08 09:02:05'),
(1020, 79, 102, '2013-04-08 09:02:08'),
(1021, 79, 271, '2013-04-08 09:02:10'),
(1022, 79, 31, '2013-04-08 09:02:13'),
(1023, 79, 162, '2013-04-08 09:02:16'),
(1024, 79, 10, '2013-04-08 09:02:18'),
(1025, 79, 45, '2013-04-08 09:02:21'),
(1026, 79, 16, '2013-04-08 09:03:33'),
(1027, 79, 24, '2013-04-08 09:03:36'),
(1028, 79, 7, '2013-04-08 09:03:38'),
(1029, 79, 67, '2013-04-08 09:03:49'),
(1030, 79, 264, '2013-04-08 09:03:52'),
(1031, 79, 122, '2013-04-08 09:06:19'),
(1032, 80, 262, '2013-04-09 09:56:02'),
(1033, 80, 303, '2013-04-09 09:56:06'),
(1034, 80, 214, '2013-04-09 09:56:09'),
(1035, 80, 302, '2013-04-09 09:56:12'),
(1036, 80, 193, '2013-04-09 09:56:14'),
(1037, 80, 321, '2013-04-09 09:56:17'),
(1038, 80, 273, '2013-04-09 09:56:29'),
(1039, 80, 211, '2013-04-09 09:56:33'),
(1040, 80, 236, '2013-04-09 09:56:39'),
(1041, 80, 92, '2013-04-09 09:56:41'),
(1042, 80, 220, '2013-04-09 09:56:59'),
(1043, 80, 247, '2013-04-09 09:57:04'),
(1044, 82, 165, '2013-04-10 06:15:10'),
(1045, 82, 231, '2013-04-10 06:15:12'),
(1046, 82, 57, '2013-04-10 06:15:15'),
(1047, 82, 183, '2013-04-10 06:15:17'),
(1048, 82, 259, '2013-04-10 06:15:20'),
(1049, 82, 225, '2013-04-10 06:15:22'),
(1050, 82, 326, '2013-04-10 06:15:24'),
(1051, 82, 250, '2013-04-10 06:15:27'),
(1052, 82, 85, '2013-04-10 06:15:29'),
(1053, 82, 301, '2013-04-10 06:15:32'),
(1054, 82, 86, '2013-04-10 06:15:35'),
(1055, 82, 291, '2013-04-10 06:15:38'),
(1056, 82, 232, '2013-04-10 06:15:40'),
(1057, 82, 208, '2013-04-10 06:15:43'),
(1058, 82, 3, '2013-04-10 06:15:46'),
(1059, 82, 263, '2013-04-10 06:15:50'),
(1060, 82, 224, '2013-04-10 06:15:52'),
(1061, 82, 148, '2013-04-10 06:15:55'),
(1062, 82, 262, '2013-04-10 06:15:58'),
(1063, 82, 90, '2013-04-10 06:16:09'),
(1064, 83, 334, '2013-04-10 08:06:40'),
(1065, 83, 7, '2013-04-10 08:06:42'),
(1066, 83, 160, '2013-04-10 08:06:46'),
(1067, 83, 67, '2013-04-10 08:06:48'),
(1068, 83, 166, '2013-04-10 08:06:51'),
(1069, 83, 30, '2013-04-10 08:06:54'),
(1070, 83, 260, '2013-04-10 08:06:56'),
(1071, 83, 105, '2013-04-10 08:06:59'),
(1072, 83, 134, '2013-04-10 08:07:02'),
(1073, 83, 45, '2013-04-10 08:07:05'),
(1074, 83, 47, '2013-04-10 08:07:08'),
(1075, 83, 31, '2013-04-10 08:07:10'),
(1076, 83, 16, '2013-04-10 08:07:16'),
(1077, 83, 24, '2013-04-10 08:07:21'),
(1078, 83, 271, '2013-04-10 08:07:26'),
(1079, 83, 100, '2013-04-10 08:07:34'),
(1080, 83, 122, '2013-04-10 08:07:41'),
(1081, 83, 162, '2013-04-10 08:07:45'),
(1082, 83, 264, '2013-04-10 08:11:01'),
(1083, 84, 303, '2013-04-10 09:54:28'),
(1084, 84, 302, '2013-04-10 09:54:34'),
(1085, 84, 214, '2013-04-10 09:54:37'),
(1086, 84, 193, '2013-04-10 09:54:39'),
(1087, 84, 273, '2013-04-10 09:54:41'),
(1088, 84, 211, '2013-04-10 09:54:44'),
(1089, 84, 229, '2013-04-10 09:54:47'),
(1090, 84, 247, '2013-04-10 09:54:50'),
(1091, 84, 267, '2013-04-10 09:54:53'),
(1092, 84, 92, '2013-04-10 09:56:39'),
(1093, 84, 272, '2013-04-10 09:56:52'),
(1094, 84, 321, '2013-04-10 09:58:03'),
(1095, 84, 199, '2013-04-10 10:02:19'),
(1096, 84, 10, '2013-04-10 10:02:22'),
(1097, 84, 315, '2013-04-10 10:02:27'),
(1098, 85, 158, '2013-04-11 08:05:07'),
(1099, 85, 78, '2013-04-11 08:05:10'),
(1100, 85, 304, '2013-04-11 08:05:12'),
(1101, 85, 56, '2013-04-11 08:05:16'),
(1102, 85, 212, '2013-04-11 08:05:18'),
(1103, 85, 258, '2013-04-11 08:05:22'),
(1104, 85, 51, '2013-04-11 08:05:24'),
(1105, 85, 328, '2013-04-11 08:05:27'),
(1106, 85, 283, '2013-04-11 08:06:12'),
(1107, 85, 132, '2013-04-11 08:07:07'),
(1108, 85, 197, '2013-04-11 08:07:33'),
(1109, 85, 14, '2013-04-11 08:07:54'),
(1110, 85, 151, '2013-04-11 08:08:26'),
(1111, 85, 240, '2013-04-11 08:09:28'),
(1112, 85, 27, '2013-04-11 08:09:31'),
(1113, 85, 178, '2013-04-11 08:09:35'),
(1114, 85, 177, '2013-04-11 08:09:38'),
(1115, 85, 137, '2013-04-11 08:09:45'),
(1116, 85, 274, '2013-04-11 08:10:58'),
(1117, 85, 43, '2013-04-11 08:14:26'),
(1118, 86, 61, '2013-04-11 10:05:05'),
(1119, 86, 38, '2013-04-11 10:05:08'),
(1120, 86, 337, '2013-04-11 10:05:10'),
(1121, 86, 339, '2013-04-11 10:05:13'),
(1122, 86, 282, '2013-04-11 10:05:15'),
(1123, 86, 34, '2013-04-11 10:05:18'),
(1124, 86, 300, '2013-04-11 10:05:20'),
(1125, 86, 324, '2013-04-11 10:05:22'),
(1126, 86, 189, '2013-04-11 10:05:24'),
(1127, 86, 241, '2013-04-11 10:05:27'),
(1128, 86, 128, '2013-04-11 10:05:29'),
(1129, 86, 110, '2013-04-11 10:05:32'),
(1130, 86, 222, '2013-04-11 10:05:34'),
(1131, 86, 314, '2013-04-11 10:05:37'),
(1132, 86, 311, '2013-04-11 10:05:39'),
(1133, 86, 256, '2013-04-11 10:07:41'),
(1134, 86, 257, '2013-04-11 10:07:49'),
(1135, 86, 93, '2013-04-11 10:07:52'),
(1136, 86, 269, '2013-04-11 10:08:27'),
(1137, 87, 51, '2013-04-11 13:09:13'),
(1138, 87, 304, '2013-04-11 13:09:16'),
(1139, 87, 49, '2013-04-11 13:09:19'),
(1140, 87, 14, '2013-04-11 13:09:35'),
(1141, 87, 178, '2013-04-11 13:09:41'),
(1142, 87, 79, '2013-04-11 13:09:43'),
(1143, 87, 197, '2013-04-11 13:09:46'),
(1144, 87, 177, '2013-04-11 13:09:49'),
(1145, 87, 240, '2013-04-11 13:09:52'),
(1146, 87, 56, '2013-04-11 13:09:55'),
(1147, 87, 212, '2013-04-11 13:10:00'),
(1148, 87, 157, '2013-04-11 13:10:08'),
(1149, 87, 27, '2013-04-11 13:10:11'),
(1150, 87, 328, '2013-04-11 13:10:13'),
(1151, 87, 274, '2013-04-11 13:10:27'),
(1152, 87, 339, '2013-04-11 13:10:48'),
(1153, 87, 314, '2013-04-11 13:10:51'),
(1154, 87, 38, '2013-04-11 13:10:54'),
(1155, 87, 283, '2013-04-11 13:12:05'),
(1156, 87, 137, '2013-04-11 13:12:09'),
(1157, 87, 151, '2013-04-11 13:12:11'),
(1158, 88, 61, '2013-04-11 14:11:33'),
(1159, 88, 34, '2013-04-11 14:11:40'),
(1160, 88, 222, '2013-04-11 14:11:42'),
(1161, 88, 238, '2013-04-11 14:11:45'),
(1162, 88, 204, '2013-04-11 14:11:48'),
(1163, 88, 241, '2013-04-11 14:11:50'),
(1164, 88, 339, '2013-04-11 14:11:52'),
(1165, 88, 311, '2013-04-11 14:11:54'),
(1166, 88, 189, '2013-04-11 14:11:57'),
(1167, 88, 38, '2013-04-11 14:11:59'),
(1168, 88, 324, '2013-04-11 14:12:01'),
(1169, 88, 300, '2013-04-11 14:12:03'),
(1170, 88, 314, '2013-04-11 14:12:07'),
(1171, 88, 128, '2013-04-11 14:12:10'),
(1172, 88, 228, '2013-04-11 14:12:16'),
(1173, 88, 93, '2013-04-11 14:12:18'),
(1174, 88, 337, '2013-04-11 14:12:31'),
(1175, 88, 282, '2013-04-11 14:12:35'),
(1176, 88, 256, '2013-04-11 14:12:48'),
(1177, 89, 304, '2013-04-12 08:02:38'),
(1178, 89, 177, '2013-04-12 08:02:41'),
(1179, 89, 78, '2013-04-12 08:02:49'),
(1180, 89, 158, '2013-04-12 08:02:52'),
(1181, 89, 132, '2013-04-12 08:02:55'),
(1182, 89, 345, '2013-04-12 08:02:57'),
(1183, 89, 258, '2013-04-12 08:02:59'),
(1184, 89, 56, '2013-04-12 08:03:02'),
(1185, 89, 240, '2013-04-12 08:03:05'),
(1186, 89, 178, '2013-04-12 08:03:08'),
(1187, 89, 43, '2013-04-12 08:03:25'),
(1188, 89, 328, '2013-04-12 08:03:28'),
(1189, 89, 283, '2013-04-12 08:04:24'),
(1190, 89, 137, '2013-04-12 08:06:25'),
(1191, 89, 238, '2013-04-12 08:07:20'),
(1192, 89, 14, '2013-04-12 08:08:17'),
(1193, 89, 157, '2013-04-12 08:11:33'),
(1194, 90, 151, '2013-04-12 10:03:01'),
(1195, 90, 284, '2013-04-12 10:05:52'),
(1196, 90, 314, '2013-04-12 10:05:55'),
(1197, 90, 206, '2013-04-12 10:05:57'),
(1198, 90, 34, '2013-04-12 10:05:59'),
(1199, 90, 38, '2013-04-12 10:06:01'),
(1200, 90, 93, '2013-04-12 10:06:04'),
(1201, 90, 222, '2013-04-12 10:06:07'),
(1202, 90, 324, '2013-04-12 10:06:09'),
(1203, 90, 256, '2013-04-12 10:06:12'),
(1204, 90, 61, '2013-04-12 10:06:14'),
(1205, 90, 337, '2013-04-12 10:06:16'),
(1206, 90, 189, '2013-04-12 10:06:18'),
(1207, 90, 241, '2013-04-12 10:06:20'),
(1208, 90, 311, '2013-04-12 10:06:22'),
(1209, 90, 300, '2013-04-12 10:06:24'),
(1210, 90, 128, '2013-04-12 10:06:27'),
(1211, 90, 339, '2013-04-12 10:06:30'),
(1212, 90, 204, '2013-04-12 10:06:32'),
(1213, 90, 110, '2013-04-12 10:06:35'),
(1214, 90, 269, '2013-04-12 10:06:37'),
(1215, 90, 282, '2013-04-12 10:06:40'),
(1216, 91, 321, '2013-04-12 10:58:20'),
(1217, 91, 193, '2013-04-12 10:58:22'),
(1218, 91, 291, '2013-04-12 10:58:24'),
(1219, 91, 214, '2013-04-12 10:58:27'),
(1220, 91, 263, '2013-04-12 10:58:29'),
(1221, 91, 211, '2013-04-12 10:58:32'),
(1222, 91, 262, '2013-04-12 10:58:36'),
(1223, 91, 267, '2013-04-12 10:58:42'),
(1224, 91, 273, '2013-04-12 10:58:47'),
(1225, 91, 303, '2013-04-12 10:58:49'),
(1226, 91, 302, '2013-04-12 10:58:52'),
(1227, 91, 334, '2013-04-12 10:58:55'),
(1228, 91, 272, '2013-04-12 10:59:01'),
(1229, 91, 4, '2013-04-12 10:59:04'),
(1230, 91, 85, '2013-04-12 10:59:06'),
(1231, 92, 134, '2013-04-12 12:00:48'),
(1232, 92, 31, '2013-04-12 12:00:51'),
(1233, 92, 153, '2013-04-12 12:00:56'),
(1234, 92, 105, '2013-04-12 12:00:59'),
(1235, 92, 160, '2013-04-12 12:01:02'),
(1236, 92, 30, '2013-04-12 12:01:05'),
(1237, 92, 7, '2013-04-12 12:01:07'),
(1238, 92, 67, '2013-04-12 12:01:09'),
(1239, 92, 24, '2013-04-12 12:01:13'),
(1240, 92, 16, '2013-04-12 12:01:16'),
(1241, 92, 100, '2013-04-12 12:01:19'),
(1242, 92, 47, '2013-04-12 12:01:21'),
(1243, 92, 122, '2013-04-12 12:01:24'),
(1244, 92, 162, '2013-04-12 12:01:27'),
(1245, 92, 271, '2013-04-12 12:01:41'),
(1246, 92, 247, '2013-04-12 12:01:44'),
(1247, 93, 231, '2013-04-12 13:05:57'),
(1248, 93, 208, '2013-04-12 13:06:00'),
(1249, 93, 86, '2013-04-12 13:06:03'),
(1250, 93, 57, '2013-04-12 13:06:05'),
(1251, 93, 183, '2013-04-12 13:06:07'),
(1252, 93, 3, '2013-04-12 13:06:10'),
(1253, 93, 194, '2013-04-12 13:06:13'),
(1254, 93, 259, '2013-04-12 13:06:15'),
(1255, 93, 232, '2013-04-12 13:06:17'),
(1256, 93, 90, '2013-04-12 13:06:19'),
(1257, 93, 225, '2013-04-12 13:06:32'),
(1258, 93, 165, '2013-04-12 13:06:35'),
(1259, 93, 91, '2013-04-12 13:06:38'),
(1260, 93, 54, '2013-04-12 13:06:41'),
(1261, 93, 326, '2013-04-12 13:06:44'),
(1262, 93, 250, '2013-04-12 13:06:47'),
(1263, 94, 51, '2013-04-16 10:01:33'),
(1264, 94, 56, '2013-04-16 10:01:38'),
(1265, 94, 132, '2013-04-16 10:01:42'),
(1266, 94, 177, '2013-04-16 10:02:03'),
(1267, 94, 151, '2013-04-16 10:02:10'),
(1268, 94, 241, '2013-04-16 10:02:13'),
(1269, 94, 189, '2013-04-16 10:02:17'),
(1270, 94, 61, '2013-04-16 10:02:39'),
(1271, 94, 34, '2013-04-16 10:02:50'),
(1272, 94, 282, '2013-04-16 10:02:57'),
(1273, 94, 337, '2013-04-16 10:03:10'),
(1274, 94, 228, '2013-04-16 10:03:19'),
(1275, 94, 204, '2013-04-16 10:03:45'),
(1276, 94, 93, '2013-04-16 10:03:52'),
(1277, 94, 339, '2013-04-16 10:04:23'),
(1278, 94, 38, '2013-04-16 10:04:37'),
(1279, 94, 314, '2013-04-16 10:04:42'),
(1280, 94, 128, '2013-04-16 10:04:47'),
(1281, 94, 304, '2013-04-16 10:04:50'),
(1282, 94, 300, '2013-04-16 10:04:55'),
(1283, 94, 324, '2013-04-16 10:05:02'),
(1284, 96, 183, '2013-04-24 06:15:30'),
(1285, 96, 291, '2013-04-24 06:15:33'),
(1286, 96, 57, '2013-04-24 06:15:36'),
(1287, 96, 148, '2013-04-24 06:15:38'),
(1288, 96, 225, '2013-04-24 06:15:41'),
(1289, 96, 250, '2013-04-24 06:15:44'),
(1290, 96, 263, '2013-04-24 06:15:47'),
(1291, 96, 86, '2013-04-24 06:15:49'),
(1292, 96, 232, '2013-04-24 06:15:52'),
(1293, 96, 90, '2013-04-24 06:15:54'),
(1294, 96, 54, '2013-04-24 06:15:57'),
(1295, 96, 259, '2013-04-24 06:15:59'),
(1296, 96, 165, '2013-04-24 06:16:02'),
(1297, 96, 224, '2013-04-24 06:16:05'),
(1298, 96, 262, '2013-04-24 06:16:07'),
(1299, 96, 3, '2013-04-24 06:17:22'),
(1300, 97, 160, '2013-04-24 08:05:11'),
(1301, 97, 7, '2013-04-24 08:05:13'),
(1302, 97, 334, '2013-04-24 08:05:16'),
(1303, 97, 153, '2013-04-24 08:05:19'),
(1304, 97, 45, '2013-04-24 08:05:23'),
(1305, 97, 134, '2013-04-24 08:05:26'),
(1306, 97, 36, '2013-04-24 08:05:29'),
(1307, 97, 31, '2013-04-24 08:05:32'),
(1308, 97, 162, '2013-04-24 08:05:34'),
(1309, 97, 16, '2013-04-24 08:05:37'),
(1310, 97, 24, '2013-04-24 08:06:03'),
(1311, 97, 105, '2013-04-24 08:06:22'),
(1312, 97, 47, '2013-04-24 08:06:27'),
(1313, 97, 271, '2013-04-24 08:06:30'),
(1314, 97, 4, '2013-04-24 08:06:32'),
(1315, 97, 67, '2013-04-24 08:07:38'),
(1316, 98, 273, '2013-04-24 09:56:11'),
(1317, 98, 199, '2013-04-24 09:56:13'),
(1318, 98, 303, '2013-04-24 09:56:16'),
(1319, 98, 302, '2013-04-24 09:56:19'),
(1320, 98, 211, '2013-04-24 09:56:24'),
(1321, 98, 214, '2013-04-24 09:56:27'),
(1322, 98, 272, '2013-04-24 09:56:29'),
(1323, 98, 193, '2013-04-24 09:56:31'),
(1324, 98, 91, '2013-04-24 09:56:35'),
(1325, 98, 267, '2013-04-24 09:56:52'),
(1326, 99, 211, '2013-04-26 08:06:03'),
(1327, 99, 231, '2013-04-26 08:06:05'),
(1328, 99, 16, '2013-04-26 08:06:08'),
(1329, 99, 102, '2013-04-26 08:06:11'),
(1330, 99, 303, '2013-04-26 08:06:14'),
(1331, 99, 31, '2013-04-26 08:06:17'),
(1332, 99, 334, '2013-04-26 08:06:19'),
(1333, 99, 47, '2013-04-26 08:06:22'),
(1334, 99, 24, '2013-04-26 08:06:25'),
(1335, 99, 153, '2013-04-26 08:06:28'),
(1336, 99, 302, '2013-04-26 08:06:31'),
(1337, 99, 7, '2013-04-26 08:06:35'),
(1338, 99, 260, '2013-04-26 08:06:38'),
(1339, 99, 105, '2013-04-26 08:06:41'),
(1340, 99, 271, '2013-04-26 08:06:43'),
(1341, 99, 162, '2013-04-26 08:06:46'),
(1342, 99, 247, '2013-04-26 08:06:49'),
(1343, 99, 67, '2013-04-26 08:06:55'),
(1344, 99, 267, '2013-04-26 08:06:58'),
(1345, 100, 122, '2013-04-26 11:37:05'),
(1346, 100, 165, '2013-04-26 11:37:08'),
(1347, 100, 273, '2013-04-26 11:37:12'),
(1348, 100, 259, '2013-04-26 11:37:14'),
(1349, 100, 57, '2013-04-26 11:37:17'),
(1350, 100, 214, '2013-04-26 11:37:20'),
(1351, 100, 90, '2013-04-26 11:37:22'),
(1352, 100, 193, '2013-04-26 11:37:24'),
(1353, 100, 291, '2013-04-26 11:37:27'),
(1354, 100, 225, '2013-04-26 11:37:29'),
(1355, 100, 85, '2013-04-26 11:37:33'),
(1356, 100, 199, '2013-04-26 11:37:35'),
(1357, 100, 148, '2013-04-26 11:37:39');
INSERT INTO `prisustvo` (`id`, `nastava_id`, `student_id`, `datum`) VALUES
(1358, 100, 54, '2013-04-26 11:37:55'),
(1359, 101, 51, '2013-04-26 15:59:06'),
(1360, 101, 228, '2013-04-26 15:59:12'),
(1361, 102, 122, '2013-04-29 06:18:43'),
(1362, 102, 291, '2013-04-29 06:18:46'),
(1363, 102, 85, '2013-04-29 06:18:48'),
(1364, 102, 199, '2013-04-29 06:18:50'),
(1365, 102, 105, '2013-04-29 06:18:53'),
(1366, 102, 259, '2013-04-29 06:18:55'),
(1367, 102, 193, '2013-04-29 06:18:57'),
(1368, 102, 7, '2013-04-29 06:18:59'),
(1369, 102, 214, '2013-04-29 06:19:02'),
(1370, 102, 153, '2013-04-29 06:19:04'),
(1371, 102, 47, '2013-04-29 06:19:06'),
(1372, 102, 165, '2013-04-29 06:19:10'),
(1373, 102, 90, '2013-04-29 06:19:13'),
(1374, 102, 231, '2013-04-29 06:19:15'),
(1375, 102, 183, '2013-04-29 06:19:17'),
(1376, 102, 211, '2013-04-29 06:19:20'),
(1377, 102, 264, '2013-04-29 06:19:22'),
(1378, 102, 36, '2013-04-29 06:19:26'),
(1379, 102, 271, '2013-04-29 06:19:31'),
(1380, 102, 247, '2013-04-29 06:19:34'),
(1381, 103, 334, '2013-04-29 09:09:51'),
(1382, 103, 166, '2013-04-29 09:09:54'),
(1383, 103, 54, '2013-04-29 09:10:05'),
(1384, 105, 225, '2013-05-13 06:16:50'),
(1385, 105, 57, '2013-05-13 06:16:55'),
(1386, 105, 183, '2013-05-13 06:17:06'),
(1387, 105, 165, '2013-05-13 06:17:53'),
(1388, 105, 232, '2013-05-13 06:19:05'),
(1389, 105, 259, '2013-05-13 06:19:07'),
(1390, 105, 36, '2013-05-13 06:20:06'),
(1391, 105, 90, '2013-05-13 06:20:09'),
(1392, 105, 86, '2013-05-13 06:20:12'),
(1393, 106, 160, '2013-05-13 08:53:02'),
(1394, 106, 30, '2013-05-13 08:53:10'),
(1395, 106, 100, '2013-05-13 08:53:14'),
(1396, 106, 67, '2013-05-13 08:54:00'),
(1397, 106, 134, '2013-05-13 08:57:06'),
(1398, 106, 153, '2013-05-13 08:57:08'),
(1399, 106, 47, '2013-05-13 08:57:18'),
(1400, 106, 24, '2013-05-13 08:57:46'),
(1401, 106, 16, '2013-05-13 08:57:49'),
(1402, 106, 122, '2013-05-13 09:05:00'),
(1403, 107, 92, '2013-05-14 08:04:22'),
(1404, 107, 291, '2013-05-14 08:04:26'),
(1405, 107, 247, '2013-05-14 08:04:30'),
(1406, 107, 199, '2013-05-14 08:04:32'),
(1407, 107, 267, '2013-05-14 08:04:34'),
(1408, 107, 193, '2013-05-14 08:10:31'),
(1409, 107, 214, '2013-05-14 08:10:34'),
(1410, 107, 260, '2013-05-14 08:11:15'),
(1411, 107, 303, '2013-05-14 08:13:18'),
(1412, 107, 4, '2013-05-14 08:14:36'),
(1413, 107, 273, '2013-05-14 08:14:45'),
(1414, 107, 302, '2013-05-14 08:14:54'),
(1415, 108, 291, '2013-05-15 06:16:30'),
(1416, 108, 231, '2013-05-15 06:16:32'),
(1417, 108, 57, '2013-05-15 06:16:35'),
(1418, 108, 183, '2013-05-15 06:16:37'),
(1419, 108, 3, '2013-05-15 06:16:39'),
(1420, 108, 259, '2013-05-15 06:16:42'),
(1421, 108, 326, '2013-05-15 06:16:44'),
(1422, 108, 225, '2013-05-15 06:17:26'),
(1423, 108, 250, '2013-05-15 06:17:34'),
(1424, 108, 165, '2013-05-15 06:17:39'),
(1425, 108, 262, '2013-05-15 06:17:43'),
(1426, 108, 85, '2013-05-15 06:17:46'),
(1427, 108, 148, '2013-05-15 06:17:48'),
(1428, 108, 263, '2013-05-15 06:17:52'),
(1429, 108, 232, '2013-05-15 06:17:54'),
(1430, 108, 86, '2013-05-15 06:17:57'),
(1431, 108, 90, '2013-05-15 06:17:59'),
(1432, 108, 224, '2013-05-15 06:18:03'),
(1433, 108, 194, '2013-05-15 06:18:07'),
(1434, 108, 54, '2013-05-15 06:18:13'),
(1435, 109, 105, '2013-05-15 08:05:02'),
(1436, 109, 24, '2013-05-15 08:05:05'),
(1437, 109, 134, '2013-05-15 08:05:08'),
(1438, 109, 211, '2013-05-15 08:05:11'),
(1439, 109, 47, '2013-05-15 08:05:13'),
(1440, 109, 16, '2013-05-15 08:05:17'),
(1441, 109, 153, '2013-05-15 08:05:19'),
(1442, 109, 31, '2013-05-15 08:05:22'),
(1443, 109, 303, '2013-05-15 08:05:24'),
(1444, 109, 4, '2013-05-15 08:05:26'),
(1445, 109, 102, '2013-05-15 08:05:30'),
(1446, 109, 162, '2013-05-15 08:06:39'),
(1447, 109, 45, '2013-05-15 08:06:45'),
(1448, 109, 67, '2013-05-15 08:07:50'),
(1449, 109, 160, '2013-05-15 08:07:52'),
(1450, 109, 30, '2013-05-15 08:07:55'),
(1451, 109, 7, '2013-05-15 08:07:57'),
(1452, 109, 193, '2013-05-15 08:08:03'),
(1453, 109, 260, '2013-05-15 08:08:05'),
(1454, 109, 214, '2013-05-15 08:08:08'),
(1455, 109, 100, '2013-05-15 08:08:13'),
(1456, 110, 92, '2013-05-15 09:57:52'),
(1457, 110, 247, '2013-05-15 09:57:55'),
(1458, 110, 199, '2013-05-15 09:58:08'),
(1459, 110, 272, '2013-05-15 09:58:13'),
(1460, 110, 273, '2013-05-15 09:58:19'),
(1461, 110, 267, '2013-05-15 09:58:22'),
(1462, 110, 302, '2013-05-15 09:58:25'),
(1463, 111, 137, '2013-05-16 08:02:50'),
(1464, 111, 51, '2013-05-16 08:02:53'),
(1465, 111, 142, '2013-05-16 08:02:55'),
(1466, 111, 132, '2013-05-16 08:02:58'),
(1467, 111, 345, '2013-05-16 08:03:01'),
(1468, 111, 158, '2013-05-16 08:03:03'),
(1469, 111, 283, '2013-05-16 08:03:06'),
(1470, 111, 56, '2013-05-16 08:03:09'),
(1471, 111, 258, '2013-05-16 08:03:12'),
(1472, 111, 212, '2013-05-16 08:03:14'),
(1473, 111, 79, '2013-05-16 08:03:17'),
(1474, 111, 151, '2013-05-16 08:03:20'),
(1475, 111, 342, '2013-05-16 08:04:02'),
(1476, 111, 49, '2013-05-16 08:04:58'),
(1477, 111, 178, '2013-05-16 08:05:37'),
(1478, 111, 14, '2013-05-16 08:05:46'),
(1479, 111, 240, '2013-05-16 08:06:24'),
(1480, 111, 304, '2013-05-16 08:06:29'),
(1481, 111, 177, '2013-05-16 08:06:32'),
(1482, 111, 274, '2013-05-16 08:07:03'),
(1483, 112, 103, '2013-05-16 09:59:29'),
(1484, 112, 97, '2013-05-16 09:59:32'),
(1485, 112, 257, '2013-05-16 09:59:59'),
(1486, 112, 189, '2013-05-16 10:00:02'),
(1487, 112, 241, '2013-05-16 10:00:04'),
(1488, 112, 324, '2013-05-16 10:00:06'),
(1489, 112, 300, '2013-05-16 10:00:08'),
(1490, 112, 206, '2013-05-16 10:00:10'),
(1491, 112, 256, '2013-05-16 10:00:13'),
(1492, 112, 204, '2013-05-16 10:00:16'),
(1493, 112, 110, '2013-05-16 10:00:19'),
(1494, 112, 311, '2013-05-16 10:00:21'),
(1495, 112, 34, '2013-05-16 10:00:24'),
(1496, 112, 222, '2013-05-16 10:00:26'),
(1497, 112, 282, '2013-05-16 10:00:29'),
(1498, 112, 228, '2013-05-16 10:00:32'),
(1499, 112, 238, '2013-05-16 10:00:34'),
(1500, 112, 269, '2013-05-16 10:00:38'),
(1501, 113, 137, '2013-05-17 08:03:03'),
(1502, 113, 283, '2013-05-17 08:03:06'),
(1503, 113, 304, '2013-05-17 08:03:08'),
(1504, 113, 240, '2013-05-17 08:03:11'),
(1505, 113, 27, '2013-05-17 08:03:14'),
(1506, 113, 274, '2013-05-17 08:03:19'),
(1507, 113, 56, '2013-05-17 08:04:33'),
(1508, 113, 132, '2013-05-17 08:04:36'),
(1509, 113, 158, '2013-05-17 08:04:42'),
(1510, 113, 177, '2013-05-17 08:04:56'),
(1511, 113, 342, '2013-05-17 08:05:59'),
(1512, 113, 258, '2013-05-17 08:06:40'),
(1513, 113, 14, '2013-05-17 08:07:40'),
(1514, 113, 212, '2013-05-17 08:08:30'),
(1515, 113, 49, '2013-05-17 08:09:36'),
(1516, 114, 34, '2013-05-17 10:01:28'),
(1517, 114, 61, '2013-05-17 10:01:30'),
(1518, 114, 222, '2013-05-17 10:01:32'),
(1519, 114, 311, '2013-05-17 10:01:34'),
(1520, 114, 204, '2013-05-17 10:01:37'),
(1521, 114, 324, '2013-05-17 10:01:39'),
(1522, 114, 189, '2013-05-17 10:01:41'),
(1523, 114, 282, '2013-05-17 10:01:44'),
(1524, 114, 241, '2013-05-17 10:01:48'),
(1525, 114, 314, '2013-05-17 10:01:50'),
(1526, 114, 300, '2013-05-17 10:01:53'),
(1527, 114, 128, '2013-05-17 10:01:56'),
(1528, 114, 339, '2013-05-17 10:01:59'),
(1529, 114, 284, '2013-05-17 10:02:02'),
(1530, 114, 238, '2013-05-17 10:02:04'),
(1531, 114, 228, '2013-05-17 10:02:07'),
(1532, 114, 269, '2013-05-17 10:02:10'),
(1533, 114, 256, '2013-05-17 10:02:13'),
(1534, 116, 47, '2013-05-18 06:59:35'),
(1535, 116, 153, '2013-05-18 06:59:38'),
(1536, 116, 259, '2013-05-18 06:59:40'),
(1537, 116, 30, '2013-05-18 06:59:43'),
(1538, 116, 264, '2013-05-18 06:59:45'),
(1539, 116, 262, '2013-05-18 06:59:48'),
(1540, 116, 194, '2013-05-18 06:59:58'),
(1541, 116, 250, '2013-05-18 07:00:06'),
(1542, 116, 271, '2013-05-18 07:11:22'),
(1543, 117, 86, '2013-05-18 08:12:18'),
(1544, 117, 250, '2013-05-18 08:12:23'),
(1545, 117, 153, '2013-05-18 08:12:28'),
(1546, 117, 303, '2013-05-18 08:12:31'),
(1547, 117, 194, '2013-05-18 08:12:34'),
(1548, 117, 3, '2013-05-18 08:12:36'),
(1549, 117, 264, '2013-05-18 08:12:38'),
(1550, 117, 259, '2013-05-18 08:12:40'),
(1551, 117, 102, '2013-05-18 08:12:42'),
(1552, 117, 302, '2013-05-18 08:12:45'),
(1553, 117, 271, '2013-05-18 08:12:48'),
(1554, 118, 57, '2013-05-18 09:16:34'),
(1555, 118, 211, '2013-05-18 09:16:37'),
(1556, 118, 86, '2013-05-18 09:16:40'),
(1557, 118, 264, '2013-05-18 09:16:42'),
(1558, 118, 250, '2013-05-18 09:16:45'),
(1559, 118, 271, '2013-05-18 09:17:06'),
(1560, 118, 36, '2013-05-18 09:17:10'),
(1561, 118, 259, '2013-05-18 09:17:19'),
(1562, 118, 3, '2013-05-18 09:17:44'),
(1563, 118, 291, '2013-05-18 09:17:51'),
(1564, 118, 153, '2013-05-18 09:17:53'),
(1565, 118, 302, '2013-05-18 09:17:59'),
(1566, 119, 231, '2013-05-22 06:17:31'),
(1567, 119, 57, '2013-05-22 06:17:34'),
(1568, 119, 183, '2013-05-22 06:17:37'),
(1569, 119, 211, '2013-05-22 06:17:39'),
(1570, 119, 259, '2013-05-22 06:17:41'),
(1571, 119, 291, '2013-05-22 06:17:51'),
(1572, 119, 225, '2013-05-22 06:17:54'),
(1573, 119, 86, '2013-05-22 06:17:56'),
(1574, 119, 250, '2013-05-22 06:17:59'),
(1575, 119, 165, '2013-05-22 06:18:05'),
(1576, 119, 262, '2013-05-22 06:18:08'),
(1577, 119, 224, '2013-05-22 06:18:11'),
(1578, 119, 54, '2013-05-22 06:18:33'),
(1579, 120, 160, '2013-05-22 08:04:22'),
(1580, 120, 334, '2013-05-22 08:04:25'),
(1581, 120, 264, '2013-05-22 08:04:28'),
(1582, 120, 153, '2013-05-22 08:04:34'),
(1583, 120, 100, '2013-05-22 08:04:37'),
(1584, 120, 16, '2013-05-22 08:04:40'),
(1585, 120, 24, '2013-05-22 08:04:42'),
(1586, 120, 134, '2013-05-22 08:04:45'),
(1587, 120, 31, '2013-05-22 08:04:49'),
(1588, 120, 260, '2013-05-22 08:04:56'),
(1589, 120, 67, '2013-05-22 08:05:00'),
(1590, 120, 302, '2013-05-22 08:05:03'),
(1591, 120, 7, '2013-05-22 08:05:05'),
(1592, 120, 214, '2013-05-22 08:05:07'),
(1593, 120, 193, '2013-05-22 08:05:10'),
(1594, 120, 102, '2013-05-22 08:05:30'),
(1595, 120, 303, '2013-05-22 08:06:00'),
(1596, 121, 273, '2013-05-22 09:58:34'),
(1597, 121, 321, '2013-05-22 09:58:36'),
(1598, 121, 267, '2013-05-22 09:58:44'),
(1599, 121, 199, '2013-05-22 09:58:53'),
(1600, 121, 271, '2013-05-22 09:58:56'),
(1601, 121, 247, '2013-05-22 09:59:02'),
(1602, 121, 272, '2013-05-22 09:59:23'),
(1603, 122, 225, '2013-05-24 08:03:10'),
(1604, 122, 67, '2013-05-24 08:03:12'),
(1605, 122, 30, '2013-05-24 08:03:15'),
(1606, 122, 165, '2013-05-24 08:03:18'),
(1607, 122, 54, '2013-05-24 08:03:21'),
(1608, 122, 105, '2013-05-24 08:03:23'),
(1609, 122, 232, '2013-05-24 08:03:25'),
(1610, 122, 57, '2013-05-24 08:03:28'),
(1611, 122, 259, '2013-05-24 08:03:30'),
(1612, 122, 264, '2013-05-24 08:03:32'),
(1613, 123, 334, '2013-05-24 11:28:21'),
(1614, 123, 214, '2013-05-24 11:28:24'),
(1615, 123, 273, '2013-05-24 11:28:26'),
(1616, 123, 134, '2013-05-24 11:28:28'),
(1617, 123, 303, '2013-05-24 11:28:30'),
(1618, 123, 302, '2013-05-24 11:28:50'),
(1619, 123, 271, '2013-05-24 11:29:57'),
(1620, 123, 247, '2013-05-24 11:30:00'),
(1621, 124, 183, '2013-05-27 06:37:45'),
(1622, 124, 57, '2013-05-27 06:37:48'),
(1623, 124, 231, '2013-05-27 06:37:50'),
(1624, 124, 30, '2013-05-27 06:37:52'),
(1625, 124, 225, '2013-05-27 06:37:55'),
(1626, 124, 165, '2013-05-27 06:38:01'),
(1627, 124, 54, '2013-05-27 06:38:04'),
(1628, 124, 232, '2013-05-27 06:38:07'),
(1629, 124, 259, '2013-05-27 06:38:09'),
(1630, 124, 264, '2013-05-27 06:38:11'),
(1631, 124, 224, '2013-05-27 06:40:33'),
(1632, 124, 4, '2013-05-27 06:46:35'),
(1633, 125, 122, '2013-05-27 09:02:48'),
(1634, 125, 334, '2013-05-27 09:02:51'),
(1635, 125, 260, '2013-05-27 09:02:53'),
(1636, 125, 199, '2013-05-27 09:02:56'),
(1637, 125, 214, '2013-05-27 09:03:01'),
(1638, 125, 302, '2013-05-27 09:03:04'),
(1639, 125, 134, '2013-05-27 09:03:07'),
(1640, 125, 303, '2013-05-27 09:03:09'),
(1641, 125, 162, '2013-05-27 09:03:12'),
(1642, 125, 247, '2013-05-27 09:03:45'),
(1643, 126, 225, '2013-05-28 08:10:24'),
(1644, 126, 291, '2013-05-28 08:10:27'),
(1645, 126, 264, '2013-05-28 08:10:30'),
(1646, 126, 148, '2013-05-28 08:10:33'),
(1647, 126, 259, '2013-05-28 08:10:36'),
(1648, 126, 232, '2013-05-28 08:10:38'),
(1649, 126, 162, '2013-05-28 08:10:41'),
(1650, 126, 183, '2013-05-28 08:10:44'),
(1651, 126, 302, '2013-05-28 08:10:47'),
(1652, 126, 247, '2013-05-28 08:10:49'),
(1653, 126, 86, '2013-05-28 08:10:52'),
(1654, 126, 67, '2013-05-28 08:14:16'),
(1655, 127, 273, '2013-05-29 06:15:04'),
(1656, 127, 231, '2013-05-29 06:15:07'),
(1657, 127, 225, '2013-05-29 06:15:10'),
(1658, 127, 291, '2013-05-29 06:15:12'),
(1659, 127, 57, '2013-05-29 06:15:15'),
(1660, 127, 183, '2013-05-29 06:15:17'),
(1661, 127, 259, '2013-05-29 06:15:19'),
(1662, 127, 326, '2013-05-29 06:15:21'),
(1663, 127, 232, '2013-05-29 06:15:25'),
(1664, 127, 90, '2013-05-29 06:15:27'),
(1665, 127, 86, '2013-05-29 06:15:30'),
(1666, 127, 148, '2013-05-29 06:15:33'),
(1667, 127, 321, '2013-05-29 06:15:36'),
(1668, 127, 262, '2013-05-29 06:15:39'),
(1669, 127, 165, '2013-05-29 06:15:42'),
(1670, 127, 194, '2013-05-29 06:15:46'),
(1671, 128, 166, '2013-05-29 08:07:03'),
(1672, 128, 334, '2013-05-29 08:07:06'),
(1673, 128, 160, '2013-05-29 08:07:09'),
(1674, 128, 54, '2013-05-29 08:07:11'),
(1675, 128, 30, '2013-05-29 08:07:15'),
(1676, 128, 47, '2013-05-29 08:07:17'),
(1677, 128, 153, '2013-05-29 08:07:20'),
(1678, 128, 16, '2013-05-29 08:07:24'),
(1679, 128, 24, '2013-05-29 08:07:26'),
(1680, 128, 134, '2013-05-29 08:07:29'),
(1681, 128, 303, '2013-05-29 08:07:31'),
(1682, 128, 4, '2013-05-29 08:07:33'),
(1683, 128, 31, '2013-05-29 08:07:35'),
(1684, 128, 162, '2013-05-29 08:07:38'),
(1685, 128, 302, '2013-05-29 08:07:46'),
(1686, 128, 214, '2013-05-29 08:07:49'),
(1687, 128, 260, '2013-05-29 08:07:51'),
(1688, 128, 122, '2013-05-29 08:09:27'),
(1689, 128, 67, '2013-05-29 08:10:10'),
(1690, 129, 247, '2013-05-29 10:00:15'),
(1691, 129, 36, '2013-05-29 10:00:17'),
(1692, 129, 263, '2013-05-29 10:00:20'),
(1693, 130, 151, '2013-05-30 08:06:50'),
(1694, 130, 177, '2013-05-30 08:06:53'),
(1695, 130, 235, '2013-05-30 08:06:56'),
(1696, 130, 51, '2013-05-30 08:07:00'),
(1697, 130, 56, '2013-05-30 08:07:03'),
(1698, 130, 345, '2013-05-30 08:07:05'),
(1699, 130, 132, '2013-05-30 08:07:07'),
(1700, 130, 212, '2013-05-30 08:07:10'),
(1701, 130, 27, '2013-05-30 08:07:13'),
(1702, 130, 137, '2013-05-30 08:07:16'),
(1703, 130, 274, '2013-05-30 08:07:19'),
(1704, 130, 149, '2013-05-30 08:08:47'),
(1705, 130, 258, '2013-05-30 08:08:50'),
(1706, 130, 283, '2013-05-30 08:10:21'),
(1707, 131, 34, '2013-05-30 10:04:54'),
(1708, 131, 38, '2013-05-30 10:04:56'),
(1709, 131, 222, '2013-05-30 10:04:59'),
(1710, 131, 61, '2013-05-30 10:05:01'),
(1711, 131, 324, '2013-05-30 10:05:03'),
(1712, 131, 339, '2013-05-30 10:05:06'),
(1713, 131, 256, '2013-05-30 10:05:09'),
(1714, 131, 110, '2013-05-30 10:05:12'),
(1715, 131, 128, '2013-05-30 10:05:14'),
(1716, 131, 314, '2013-05-30 10:05:17'),
(1717, 131, 103, '2013-05-30 10:05:20'),
(1718, 131, 282, '2013-05-30 10:05:22'),
(1719, 131, 311, '2013-05-30 10:05:24'),
(1720, 131, 241, '2013-05-30 10:05:26'),
(1721, 131, 189, '2013-05-30 10:05:29'),
(1722, 131, 337, '2013-05-30 10:05:31'),
(1723, 131, 204, '2013-05-30 10:05:34'),
(1724, 131, 238, '2013-05-30 10:05:37'),
(1725, 131, 228, '2013-05-30 10:05:39'),
(1726, 131, 97, '2013-05-30 10:05:41'),
(1727, 131, 300, '2013-05-30 10:05:44'),
(1728, 131, 269, '2013-05-30 10:05:47'),
(1729, 131, 240, '2013-05-30 10:05:49'),
(1730, 132, 304, '2013-05-31 08:01:05'),
(1731, 132, 132, '2013-05-31 08:01:07'),
(1732, 132, 345, '2013-05-31 08:01:10'),
(1733, 132, 151, '2013-05-31 08:01:13'),
(1734, 132, 177, '2013-05-31 08:01:17'),
(1735, 132, 27, '2013-05-31 08:01:26'),
(1736, 132, 178, '2013-05-31 08:01:32'),
(1737, 132, 274, '2013-05-31 08:02:48'),
(1738, 132, 79, '2013-05-31 08:02:51'),
(1739, 132, 300, '2013-05-31 08:03:41'),
(1740, 132, 212, '2013-05-31 08:05:23'),
(1741, 132, 258, '2013-05-31 08:05:25'),
(1742, 132, 137, '2013-05-31 08:05:56'),
(1743, 132, 14, '2013-05-31 08:06:09'),
(1744, 132, 238, '2013-05-31 08:10:56'),
(1745, 132, 228, '2013-05-31 08:10:58'),
(1746, 132, 149, '2013-05-31 08:11:39'),
(1747, 133, 339, '2013-05-31 09:55:45'),
(1748, 133, 38, '2013-05-31 09:55:47'),
(1749, 133, 97, '2013-05-31 09:55:51'),
(1750, 133, 34, '2013-05-31 09:55:54'),
(1751, 133, 324, '2013-05-31 09:55:57'),
(1752, 133, 110, '2013-05-31 09:56:00'),
(1753, 133, 222, '2013-05-31 09:56:04'),
(1754, 133, 128, '2013-05-31 09:56:07'),
(1755, 133, 189, '2013-05-31 09:56:10'),
(1756, 133, 241, '2013-05-31 09:56:12'),
(1757, 133, 314, '2013-05-31 09:56:14'),
(1758, 133, 282, '2013-05-31 09:56:20'),
(1759, 133, 337, '2013-05-31 09:56:25'),
(1760, 133, 269, '2013-05-31 09:56:27'),
(1761, 133, 311, '2013-05-31 10:00:15'),
(1762, 133, 256, '2013-05-31 10:03:08'),
(1763, 134, 183, '2013-06-01 06:23:24'),
(1764, 134, 57, '2013-06-01 06:23:26'),
(1765, 134, 231, '2013-06-01 06:23:28'),
(1766, 134, 208, '2013-06-01 06:23:31'),
(1767, 134, 291, '2013-06-01 06:23:34'),
(1768, 134, 225, '2013-06-01 06:23:37'),
(1769, 134, 3, '2013-06-01 06:23:40'),
(1770, 134, 259, '2013-06-01 06:23:43'),
(1771, 134, 165, '2013-06-01 06:23:46'),
(1772, 134, 54, '2013-06-01 06:23:49'),
(1773, 134, 326, '2013-06-01 06:23:51'),
(1774, 134, 250, '2013-06-01 06:23:54'),
(1775, 134, 262, '2013-06-01 06:23:56'),
(1776, 134, 90, '2013-06-01 06:23:58'),
(1777, 134, 232, '2013-06-01 06:24:00'),
(1778, 134, 224, '2013-06-01 06:24:03'),
(1779, 134, 194, '2013-06-01 06:24:06'),
(1780, 134, 148, '2013-06-01 06:24:09'),
(1781, 134, 85, '2013-06-01 06:24:11'),
(1782, 134, 47, '2013-06-01 06:24:20'),
(1783, 135, 153, '2013-06-01 07:42:59'),
(1784, 135, 122, '2013-06-01 07:43:02'),
(1785, 135, 105, '2013-06-01 07:43:04'),
(1786, 135, 166, '2013-06-01 07:43:06'),
(1787, 135, 334, '2013-06-01 07:43:09'),
(1788, 135, 31, '2013-06-01 07:43:11'),
(1789, 135, 134, '2013-06-01 07:43:14'),
(1790, 135, 162, '2013-06-01 07:43:17'),
(1791, 135, 30, '2013-06-01 07:43:20'),
(1792, 135, 160, '2013-06-01 07:43:22'),
(1793, 135, 24, '2013-06-01 07:43:25'),
(1794, 135, 16, '2013-06-01 07:43:28'),
(1795, 135, 7, '2013-06-01 07:43:30'),
(1796, 135, 4, '2013-06-01 07:43:33'),
(1797, 135, 100, '2013-06-01 07:45:01'),
(1798, 135, 102, '2013-06-01 07:46:10'),
(1799, 136, 273, '2013-06-01 09:14:53'),
(1800, 136, 199, '2013-06-01 09:14:55'),
(1801, 136, 193, '2013-06-01 09:15:01'),
(1802, 136, 214, '2013-06-01 09:15:04'),
(1803, 136, 260, '2013-06-01 09:15:08'),
(1804, 136, 302, '2013-06-01 09:15:12'),
(1805, 136, 211, '2013-06-01 09:15:15'),
(1806, 136, 303, '2013-06-01 09:15:17'),
(1807, 136, 321, '2013-06-01 09:15:19'),
(1808, 136, 306, '2013-06-01 09:15:22'),
(1809, 136, 247, '2013-06-01 09:15:25'),
(1810, 137, 165, '2013-06-05 06:16:13'),
(1811, 137, 183, '2013-06-05 06:16:16'),
(1812, 137, 57, '2013-06-05 06:16:18'),
(1813, 137, 231, '2013-06-05 06:16:21'),
(1814, 137, 225, '2013-06-05 06:16:24'),
(1815, 137, 259, '2013-06-05 06:16:26'),
(1816, 137, 86, '2013-06-05 06:16:29'),
(1817, 137, 54, '2013-06-05 06:16:31'),
(1818, 137, 250, '2013-06-05 06:16:34'),
(1819, 137, 291, '2013-06-05 06:16:37'),
(1820, 137, 263, '2013-06-05 06:16:39'),
(1821, 137, 148, '2013-06-05 06:16:42'),
(1822, 137, 232, '2013-06-05 06:16:46'),
(1823, 137, 224, '2013-06-05 06:16:54'),
(1824, 137, 193, '2013-06-05 06:16:56'),
(1825, 137, 326, '2013-06-05 06:17:00'),
(1826, 137, 36, '2013-06-05 06:18:59'),
(1827, 138, 166, '2013-06-05 08:02:53'),
(1828, 138, 122, '2013-06-05 08:02:55'),
(1829, 138, 100, '2013-06-05 08:02:58'),
(1830, 138, 47, '2013-06-05 08:03:03'),
(1831, 138, 153, '2013-06-05 08:03:06'),
(1832, 138, 16, '2013-06-05 08:03:09'),
(1833, 138, 24, '2013-06-05 08:03:11'),
(1834, 138, 7, '2013-06-05 08:03:14'),
(1835, 138, 67, '2013-06-05 08:03:17'),
(1836, 138, 214, '2013-06-05 08:03:32'),
(1837, 138, 260, '2013-06-05 08:03:34'),
(1838, 138, 302, '2013-06-05 08:03:48'),
(1839, 138, 264, '2013-06-05 08:03:50'),
(1840, 138, 162, '2013-06-05 08:04:13'),
(1841, 138, 31, '2013-06-05 08:04:23'),
(1842, 138, 105, '2013-06-05 08:04:26'),
(1843, 138, 134, '2013-06-05 08:04:57'),
(1844, 138, 303, '2013-06-05 08:05:18'),
(1845, 139, 211, '2013-06-05 09:56:18'),
(1846, 139, 273, '2013-06-05 09:56:22'),
(1847, 139, 247, '2013-06-05 09:56:28'),
(1848, 139, 321, '2013-06-05 09:56:31'),
(1849, 139, 267, '2013-06-05 09:56:34'),
(1850, 139, 199, '2013-06-05 09:57:25'),
(1851, 139, 272, '2013-06-05 10:01:17'),
(1852, 139, 92, '2013-06-05 10:06:56'),
(1853, 141, 264, '2013-06-07 09:31:49'),
(1854, 141, 153, '2013-06-07 09:31:52'),
(1855, 141, 31, '2013-06-07 09:31:55'),
(1856, 141, 47, '2013-06-07 09:31:57'),
(1857, 141, 303, '2013-06-07 09:31:59'),
(1858, 141, 122, '2013-06-07 09:32:03'),
(1859, 141, 334, '2013-06-07 09:32:05'),
(1860, 141, 105, '2013-06-07 09:32:07'),
(1861, 141, 67, '2013-06-07 09:32:09'),
(1862, 141, 134, '2013-06-07 09:32:12'),
(1863, 141, 30, '2013-06-07 09:32:14'),
(1864, 141, 7, '2013-06-07 09:32:16'),
(1865, 141, 16, '2013-06-07 09:32:19'),
(1866, 141, 162, '2013-06-07 09:32:22'),
(1867, 141, 24, '2013-06-07 09:32:28'),
(1868, 141, 166, '2013-06-07 09:32:40'),
(1869, 141, 86, '2013-06-07 09:32:49'),
(1870, 142, 263, '2013-06-07 11:05:14'),
(1871, 142, 306, '2013-06-07 11:05:20'),
(1872, 142, 321, '2013-06-07 11:05:22'),
(1873, 142, 214, '2013-06-07 11:05:25'),
(1874, 142, 260, '2013-06-07 11:05:27'),
(1875, 142, 302, '2013-06-07 11:05:36'),
(1876, 142, 291, '2013-06-07 11:05:38'),
(1877, 142, 262, '2013-06-07 11:05:40'),
(1878, 142, 272, '2013-06-07 11:05:43'),
(1879, 142, 4, '2013-06-07 11:05:46'),
(1880, 142, 247, '2013-06-07 11:05:48'),
(1881, 142, 92, '2013-06-07 11:05:50'),
(1882, 143, 208, '2013-06-07 12:05:52'),
(1883, 143, 36, '2013-06-07 12:05:54'),
(1884, 143, 225, '2013-06-07 12:05:58'),
(1885, 143, 57, '2013-06-07 12:06:00'),
(1886, 143, 90, '2013-06-07 12:06:02'),
(1887, 143, 194, '2013-06-07 12:06:05'),
(1888, 143, 259, '2013-06-07 12:06:08'),
(1889, 143, 232, '2013-06-07 12:06:10'),
(1890, 143, 231, '2013-06-07 12:06:12'),
(1891, 143, 224, '2013-06-07 12:06:14'),
(1892, 143, 54, '2013-06-07 12:06:19'),
(1893, 143, 165, '2013-06-07 12:06:21'),
(1894, 143, 85, '2013-06-07 12:06:24'),
(1895, 143, 148, '2013-06-07 12:06:27'),
(1896, 144, 334, '2013-06-10 07:01:29'),
(1897, 144, 153, '2013-06-10 07:01:31'),
(1898, 144, 160, '2013-06-10 07:01:34'),
(1899, 144, 31, '2013-06-10 07:01:36'),
(1900, 144, 3, '2013-06-10 07:01:38'),
(1901, 144, 122, '2013-06-10 07:01:41'),
(1902, 144, 166, '2013-06-10 07:01:43'),
(1903, 144, 30, '2013-06-10 07:01:46'),
(1904, 144, 47, '2013-06-10 07:01:48'),
(1905, 144, 16, '2013-06-10 07:01:51'),
(1906, 144, 24, '2013-06-10 07:01:54'),
(1907, 144, 134, '2013-06-10 07:01:56'),
(1908, 144, 162, '2013-06-10 07:01:59'),
(1909, 144, 264, '2013-06-10 07:02:02'),
(1910, 145, 273, '2013-06-10 08:01:28'),
(1911, 145, 291, '2013-06-10 08:01:30'),
(1912, 145, 263, '2013-06-10 08:01:33'),
(1913, 145, 262, '2013-06-10 08:01:36'),
(1914, 145, 214, '2013-06-10 08:01:39'),
(1915, 145, 260, '2013-06-10 08:01:41'),
(1916, 145, 306, '2013-06-10 08:01:44'),
(1917, 145, 302, '2013-06-10 08:01:47'),
(1918, 145, 4, '2013-06-10 08:01:49'),
(1919, 145, 247, '2013-06-10 08:01:56'),
(1920, 145, 92, '2013-06-10 08:01:59'),
(1921, 145, 321, '2013-06-10 08:02:08'),
(1922, 146, 208, '2013-06-10 09:06:19'),
(1923, 146, 36, '2013-06-10 09:06:21'),
(1924, 146, 86, '2013-06-10 09:06:23'),
(1925, 146, 54, '2013-06-10 09:06:26'),
(1926, 146, 165, '2013-06-10 09:06:28'),
(1927, 146, 57, '2013-06-10 09:06:31'),
(1928, 146, 232, '2013-06-10 09:06:35'),
(1929, 146, 224, '2013-06-10 09:06:38'),
(1930, 146, 231, '2013-06-10 09:06:40'),
(1931, 146, 90, '2013-06-10 09:06:43'),
(1932, 146, 259, '2013-06-10 09:06:45'),
(1933, 146, 194, '2013-06-10 09:06:48'),
(1934, 146, 211, '2013-06-10 09:06:51'),
(1935, 146, 225, '2013-06-10 09:06:53'),
(1936, 146, 67, '2013-06-10 09:06:55'),
(1937, 146, 85, '2013-06-10 09:06:57'),
(1938, 146, 271, '2013-06-10 09:07:00'),
(1939, 146, 148, '2013-06-10 09:07:03'),
(1940, 147, 57, '2013-06-11 06:14:51'),
(1941, 147, 183, '2013-06-11 06:14:53'),
(1942, 147, 231, '2013-06-11 06:14:55'),
(1943, 147, 225, '2013-06-11 06:15:10'),
(1944, 147, 259, '2013-06-11 06:15:14'),
(1945, 147, 291, '2013-06-11 06:15:24'),
(1946, 147, 262, '2013-06-11 06:15:26'),
(1947, 147, 263, '2013-06-11 06:15:29'),
(1948, 147, 90, '2013-06-11 06:15:34'),
(1949, 147, 232, '2013-06-11 06:15:37'),
(1950, 147, 250, '2013-06-11 06:15:39'),
(1951, 147, 86, '2013-06-11 06:15:42'),
(1952, 147, 224, '2013-06-11 06:15:45'),
(1953, 147, 273, '2013-06-11 06:16:13'),
(1954, 148, 291, '2013-06-12 06:15:03'),
(1955, 148, 3, '2013-06-12 06:15:06'),
(1956, 148, 231, '2013-06-12 06:15:08'),
(1957, 148, 263, '2013-06-12 06:15:11'),
(1958, 148, 86, '2013-06-12 06:15:14'),
(1959, 148, 262, '2013-06-12 06:15:16'),
(1960, 148, 250, '2013-06-12 06:15:19'),
(1961, 148, 183, '2013-06-12 06:15:22'),
(1962, 148, 57, '2013-06-12 06:15:24'),
(1963, 148, 259, '2013-06-12 06:15:26'),
(1964, 148, 321, '2013-06-12 06:15:28'),
(1965, 148, 225, '2013-06-12 06:15:31'),
(1966, 148, 273, '2013-06-12 06:15:33'),
(1967, 148, 90, '2013-06-12 06:15:35'),
(1968, 148, 272, '2013-06-12 06:15:38'),
(1969, 148, 148, '2013-06-12 06:15:41'),
(1970, 148, 85, '2013-06-12 06:15:47'),
(1971, 148, 54, '2013-06-12 06:15:50'),
(1972, 148, 165, '2013-06-12 06:15:55'),
(1973, 148, 122, '2013-06-12 06:23:37'),
(1974, 149, 160, '2013-06-12 08:06:41'),
(1975, 149, 208, '2013-06-12 08:06:44'),
(1976, 149, 153, '2013-06-12 08:06:47'),
(1977, 149, 166, '2013-06-12 08:06:49'),
(1978, 149, 67, '2013-06-12 08:06:52'),
(1979, 149, 30, '2013-06-12 08:06:55'),
(1980, 149, 7, '2013-06-12 08:06:57'),
(1981, 149, 134, '2013-06-12 08:07:01'),
(1982, 149, 303, '2013-06-12 08:07:04'),
(1983, 149, 162, '2013-06-12 08:07:06'),
(1984, 149, 47, '2013-06-12 08:07:18'),
(1985, 149, 302, '2013-06-12 08:07:22'),
(1986, 149, 16, '2013-06-12 08:07:25'),
(1987, 149, 24, '2013-06-12 08:07:28'),
(1988, 149, 211, '2013-06-12 08:07:30'),
(1989, 149, 214, '2013-06-12 08:07:33'),
(1990, 149, 260, '2013-06-12 08:07:35'),
(1991, 149, 264, '2013-06-12 08:07:37'),
(1992, 149, 271, '2013-06-12 08:07:39'),
(1993, 149, 31, '2013-06-12 08:07:42'),
(1994, 149, 199, '2013-06-12 08:07:45'),
(1995, 149, 247, '2013-06-12 08:07:49'),
(1996, 149, 105, '2013-06-12 08:07:52'),
(1997, 150, 151, '2013-06-13 08:07:46'),
(1998, 150, 212, '2013-06-13 08:07:50'),
(1999, 150, 258, '2013-06-13 08:07:53'),
(2000, 150, 149, '2013-06-13 08:07:55'),
(2001, 150, 304, '2013-06-13 08:07:58'),
(2002, 150, 137, '2013-06-13 08:08:01'),
(2003, 150, 328, '2013-06-13 08:08:04'),
(2004, 150, 79, '2013-06-13 08:10:17'),
(2005, 150, 157, '2013-06-13 08:10:40'),
(2006, 150, 274, '2013-06-13 08:11:22'),
(2007, 151, 228, '2013-06-13 09:55:38'),
(2008, 151, 238, '2013-06-13 09:55:41'),
(2009, 151, 97, '2013-06-13 09:55:44'),
(2010, 151, 240, '2013-06-13 09:55:50'),
(2011, 151, 204, '2013-06-13 09:55:58'),
(2012, 151, 14, '2013-06-13 09:58:08'),
(2013, 151, 49, '2013-06-13 09:59:02'),
(2014, 151, 189, '2013-06-13 09:59:10'),
(2015, 151, 38, '2013-06-13 09:59:15'),
(2016, 151, 339, '2013-06-13 09:59:17'),
(2017, 151, 61, '2013-06-13 09:59:19'),
(2018, 151, 241, '2013-06-13 09:59:21'),
(2019, 151, 311, '2013-06-13 09:59:46'),
(2020, 151, 324, '2013-06-13 10:00:01'),
(2021, 151, 222, '2013-06-13 10:00:19'),
(2022, 151, 337, '2013-06-13 10:00:27'),
(2023, 151, 300, '2013-06-13 10:00:48'),
(2024, 151, 34, '2013-06-13 10:00:53'),
(2025, 151, 282, '2013-06-13 10:01:25'),
(2026, 151, 128, '2013-06-13 10:01:37'),
(2027, 151, 314, '2013-06-13 10:02:06'),
(2028, 151, 256, '2013-06-13 10:02:19'),
(2029, 151, 93, '2013-06-13 10:02:28'),
(2030, 152, 51, '2013-06-14 08:11:45'),
(2031, 152, 304, '2013-06-14 08:11:48'),
(2032, 152, 151, '2013-06-14 08:11:52'),
(2033, 152, 132, '2013-06-14 08:11:55'),
(2034, 152, 56, '2013-06-14 08:11:57'),
(2035, 152, 178, '2013-06-14 08:12:00'),
(2036, 152, 212, '2013-06-14 08:12:03'),
(2037, 152, 142, '2013-06-14 08:12:06'),
(2038, 152, 258, '2013-06-14 08:12:08'),
(2039, 152, 137, '2013-06-14 08:12:11'),
(2040, 152, 79, '2013-06-14 08:12:14'),
(2041, 152, 240, '2013-06-14 08:12:16'),
(2042, 152, 328, '2013-06-14 08:12:19'),
(2043, 152, 177, '2013-06-14 08:12:21'),
(2044, 152, 27, '2013-06-14 08:12:23'),
(2045, 153, 61, '2013-06-14 09:59:42'),
(2046, 153, 339, '2013-06-14 09:59:44'),
(2047, 153, 38, '2013-06-14 09:59:46'),
(2048, 153, 311, '2013-06-14 09:59:48'),
(2049, 153, 324, '2013-06-14 09:59:51'),
(2050, 153, 128, '2013-06-14 09:59:55'),
(2051, 153, 300, '2013-06-14 09:59:57'),
(2052, 153, 103, '2013-06-14 10:00:02'),
(2053, 153, 337, '2013-06-14 10:00:08'),
(2054, 153, 274, '2013-06-14 10:00:12'),
(2055, 153, 282, '2013-06-14 10:00:17'),
(2056, 153, 97, '2013-06-14 10:00:21'),
(2057, 153, 314, '2013-06-14 10:00:31'),
(2058, 153, 34, '2013-06-14 10:00:41'),
(2059, 153, 222, '2013-06-14 10:00:44'),
(2060, 153, 241, '2013-06-14 10:02:25'),
(2061, 153, 189, '2013-06-14 10:02:28'),
(2062, 153, 14, '2013-06-14 10:03:59'),
(2063, 153, 256, '2013-06-14 10:07:28'),
(2064, 153, 93, '2013-06-14 10:07:31'),
(2065, 154, 177, '2013-06-14 12:03:37'),
(2066, 154, 137, '2013-06-14 12:03:40'),
(2067, 154, 151, '2013-06-14 12:03:42'),
(2068, 154, 178, '2013-06-14 12:03:44'),
(2069, 154, 212, '2013-06-14 12:03:47'),
(2070, 154, 149, '2013-06-14 12:03:49'),
(2071, 154, 27, '2013-06-14 12:03:52'),
(2072, 154, 51, '2013-06-14 12:03:54'),
(2073, 154, 56, '2013-06-14 12:03:57'),
(2074, 154, 142, '2013-06-14 12:03:59'),
(2075, 154, 235, '2013-06-14 12:04:02'),
(2076, 154, 258, '2013-06-14 12:04:05'),
(2077, 154, 240, '2013-06-14 12:04:07'),
(2078, 154, 14, '2013-06-14 12:04:10'),
(2079, 154, 274, '2013-06-14 12:04:14'),
(2080, 154, 79, '2013-06-14 12:04:17'),
(2081, 155, 339, '2013-06-14 13:10:25'),
(2082, 155, 314, '2013-06-14 13:10:27'),
(2083, 155, 61, '2013-06-14 13:10:29'),
(2084, 155, 128, '2013-06-14 13:10:32'),
(2085, 155, 38, '2013-06-14 13:10:34'),
(2086, 155, 103, '2013-06-14 13:10:36'),
(2087, 155, 324, '2013-06-14 13:10:38'),
(2088, 155, 34, '2013-06-14 13:10:41'),
(2089, 155, 300, '2013-06-14 13:10:43'),
(2090, 155, 238, '2013-06-14 13:10:46'),
(2091, 155, 222, '2013-06-14 13:10:48'),
(2092, 155, 311, '2013-06-14 13:10:50'),
(2093, 155, 241, '2013-06-14 13:10:52'),
(2094, 155, 189, '2013-06-14 13:10:55'),
(2095, 155, 204, '2013-06-14 13:10:57'),
(2096, 155, 257, '2013-06-14 13:10:59'),
(2097, 155, 93, '2013-06-14 13:11:02'),
(2098, 155, 97, '2013-06-14 13:11:04'),
(2099, 155, 256, '2013-06-14 13:11:07'),
(2100, 155, 228, '2013-06-14 13:11:10'),
(2101, 155, 197, '2013-06-14 13:11:12'),
(2102, 155, 282, '2013-06-14 13:11:14'),
(2103, 155, 337, '2013-06-14 13:11:16'),
(2104, 158, 334, '2013-06-24 11:26:16'),
(2105, 158, 166, '2013-06-24 11:26:19'),
(2106, 158, 291, '2013-06-24 11:26:21'),
(2107, 158, 160, '2013-06-24 11:26:24'),
(2108, 158, 3, '2013-06-24 11:26:27'),
(2109, 158, 303, '2013-06-24 11:26:29'),
(2110, 158, 165, '2013-06-24 11:26:32'),
(2111, 158, 16, '2013-06-24 11:26:34'),
(2112, 158, 30, '2013-06-24 11:26:37'),
(2113, 158, 193, '2013-06-24 11:26:39'),
(2114, 158, 122, '2013-06-24 11:26:42'),
(2115, 158, 100, '2013-06-24 11:26:45');

-- --------------------------------------------------------

--
-- Table structure for table `resursi`
--

CREATE TABLE IF NOT EXISTS `resursi` (
  `id` int(11) NOT NULL AUTO_INCREMENT,
  `naziv` varchar(100) COLLATE utf8_unicode_ci DEFAULT NULL,
  `oznaka` varchar(10) COLLATE utf8_unicode_ci DEFAULT NULL,
  `ip_adresa` varchar(20) COLLATE utf8_unicode_ci DEFAULT NULL,
  PRIMARY KEY (`id`)
) ENGINE=InnoDB  DEFAULT CHARSET=utf8 COLLATE=utf8_unicode_ci AUTO_INCREMENT=5 ;

--
-- Dumping data for table `resursi`
--

INSERT INTO `resursi` (`id`, `naziv`, `oznaka`, `ip_adresa`) VALUES
(2, 'TEST', '0-30', '192.168.10.22'),
(4, 'LAB1', '0-35', '192.168.10.210');

-- --------------------------------------------------------

--
-- Table structure for table `student`
--

CREATE TABLE IF NOT EXISTS `student` (
  `id` int(11) NOT NULL AUTO_INCREMENT,
  `prezime` varchar(50) COLLATE utf8_unicode_ci DEFAULT NULL,
  `ime` varchar(50) COLLATE utf8_unicode_ci DEFAULT NULL,
  `br_indeks` varchar(20) COLLATE utf8_unicode_ci DEFAULT NULL,
  `email` varchar(100) COLLATE utf8_unicode_ci DEFAULT NULL,
  PRIMARY KEY (`id`)
) ENGINE=InnoDB  DEFAULT CHARSET=utf8 COLLATE=utf8_unicode_ci AUTO_INCREMENT=346 ;

--
-- Dumping data for table `student`
--

INSERT INTO `student` (`id`, `prezime`, `ime`, `br_indeks`, `email`) VALUES
(1, 'Adžić', 'Damjan', '1181', NULL),
(2, 'Andrić', 'Dejan', '937', NULL),
(3, 'Arapović', 'Ðorđe', '1390', NULL),
(4, 'Avdalović', 'Dragutin', '1381', NULL),
(5, 'Avdalović', 'Radoš', '1235', NULL),
(6, 'Aškraba', 'Ranka', '1011', NULL),
(7, 'Babić', 'Jadranka', '1363', NULL),
(8, 'Badnjar', 'Biljana', '987', NULL),
(9, 'Banović', 'Rajko', '1284', NULL),
(10, 'Batković', 'Boris', '1380', NULL),
(11, 'Berat', 'Petar', '1308', NULL),
(12, 'Bijeljac', 'Dragan', '364', NULL),
(13, 'Bjeloglav', 'Dejan', '974', NULL),
(14, 'Blagojević', 'Aleksandar', '1107', NULL),
(15, 'Bojanić', 'Bojan', '1131', NULL),
(16, 'Bojić', 'Gorica', '1325', NULL),
(17, 'Borovčanin', 'Goran', '1190', NULL),
(18, 'Borovnica', 'Mirjana', '946', NULL),
(19, 'Bozalo', 'Branka', '1048', NULL),
(20, 'Bozalo', 'Stefan', '1219', NULL),
(21, 'Bošković', 'Boris', '1240', NULL),
(22, 'Bošković', 'Ðorđe', '1110', NULL),
(23, 'Bošković', 'Marko', '1102', NULL),
(24, 'Božić', 'Ana', '1361', NULL),
(25, 'Bratić', 'Ðorđije', '1399', NULL),
(26, 'Brčkalo', 'Dejan', '1248', NULL),
(27, 'Brkić', 'Marko', '1396', NULL),
(28, 'Budinčić', 'Vladimir', '729', NULL),
(29, 'Buhač', 'Marko', '1355', NULL),
(30, 'Cerovina', 'Željana', '1318', NULL),
(31, 'Crnogorac', 'Nikola', '1340', NULL),
(32, 'Cuca', 'Vedrana', '1395', NULL),
(33, 'Cvjetinović', 'Stefan', '1022', NULL),
(34, 'Dačević', 'Boško', '1202', NULL),
(35, 'Damjanac', 'Ðorđo', '1368', NULL),
(36, 'Damjanović', 'Zdravko', '1321', NULL),
(37, 'Delić', 'Zorica', '943', NULL),
(38, 'Divljan', 'Ilija', '1280', NULL),
(39, 'Divljan', 'Nikola', '977', NULL),
(40, 'Ðokanović', 'Aleksandar', '1089', NULL),
(41, 'Ðokić', 'Nataša', '979', NULL),
(42, 'Ðokić', 'Nemanja', '1286', NULL),
(43, 'Domazet', 'Borislav', '881', NULL),
(44, 'Domazet', 'Ðorđe', '995', NULL),
(45, 'Drakul', 'Filip', '1369', NULL),
(46, 'Drakul', 'Srđan', '1164', NULL),
(47, 'Drljić', 'Ðorđe', '1371', NULL),
(48, 'Drvendžija', 'Dejan', '1205', NULL),
(49, 'Dubovina', 'Milica', '1295', NULL),
(50, 'Ðukić', 'Ðorđe', '921', NULL),
(51, 'Ðukić', 'Sanja', '1213', NULL),
(52, 'Ðurđić', 'Ðorđe', '1282', NULL),
(53, 'Durić', 'Dragiša', '1393', NULL),
(54, 'Džino', 'Ðorđe', '1358', NULL),
(55, 'Èabrilo', 'Duško', '1138', NULL),
(56, 'Èajević', 'Mladena', '1116', NULL),
(57, 'Èajević', 'Momirka', '1366', NULL),
(58, 'Èarapić', 'Darija', '1027', NULL),
(59, 'Elez', 'Ðorđe', '1267', NULL),
(60, 'Elez', 'Milica', '1223', NULL),
(61, 'Elez', 'Radenka', '1224', NULL),
(62, 'Elez', 'Srđan', '460', NULL),
(63, 'Èomić', 'Radovan', '1180', NULL),
(64, 'Èorlija', 'Dušan', '1150', NULL),
(65, 'Forcan', 'Miodrag', '984', NULL),
(66, 'Forcan', 'Vera', '929', NULL),
(67, 'Fuštar', 'Ivana', '1323', NULL),
(68, 'Gašević', 'Željana', '1135', NULL),
(69, 'Gojković', 'Vuk', '1196', NULL),
(70, 'Golić', 'Aleksandar', '1218', NULL),
(71, 'Golub', 'Igor', '910', NULL),
(72, 'Golubović', 'Željko', '1163', NULL),
(73, 'Granić', 'Srđan', '1183', NULL),
(74, 'Grbić', 'Borjan', '1359', NULL),
(75, 'Grče', 'Mitar', '898', NULL),
(76, 'Grujić', 'Siniša', '1130', NULL),
(77, 'Gujić', 'Dražen', '958', NULL),
(78, 'Gurović', 'Jovana', '1275', NULL),
(79, 'Hadžiavdić', 'Sakib', '1309', NULL),
(80, 'Hegediš', 'Dalibor', '873', NULL),
(81, 'Hećo', 'Ejub', '1299', NULL),
(82, 'Hršum', 'Vlastimir', '713', NULL),
(83, 'Ikić', 'Saša', '900', NULL),
(84, 'Ilić', 'Dejan', '631', NULL),
(85, 'Ilić', 'Dejan', '1327', NULL),
(86, 'Ivanović', 'Dragan', '1384', NULL),
(87, 'Ivković', 'Ognjen', '1254', NULL),
(88, 'Jakovljević', 'Nevena', '1120', NULL),
(89, 'Janjić', 'Nikola', '1049', NULL),
(90, 'Janjoš', 'Dejan', '1387', NULL),
(91, 'Janković', 'Nevena', '1354', NULL),
(92, 'Jegdić', 'Stefan', '1332', NULL),
(93, 'Jelić', 'Miloš', '1231', NULL),
(94, 'Jeremić', 'Pavle', '1236', NULL),
(95, 'Jevtić', 'Vladan', '942', NULL),
(96, 'Jovović', 'Tanja', '1055', NULL),
(97, 'Jovović', 'Vera', '973', NULL),
(98, 'Jugović', 'Dragiša', '534', NULL),
(99, 'Jugović', 'Njegoš', '867', NULL),
(100, 'Kablar', 'Bojan', '1349', NULL),
(101, 'Kalaba', 'Meliha', '1312', NULL),
(102, 'Kapović', 'Miloš', '1373', NULL),
(103, 'Kenjić', 'Bojana', '1017', NULL),
(104, 'Kenjić', 'Vladan', '857', NULL),
(105, 'Kezunović', 'Ognjen', '1357', NULL),
(106, 'Kešelj', 'Vesna', '1146', NULL),
(107, 'Kikić', 'Dragan', '1182', NULL),
(108, 'Klisarić', 'Aleksandar', '808', NULL),
(109, 'Klisura', 'Pavle', '730', NULL),
(110, 'Kojović', 'Luka', '1211', NULL),
(111, 'Konostrevac', 'Aleksandar', '1023', NULL),
(112, 'Koprivica', 'Ognjen', '1032', NULL),
(113, 'Koprivica', 'Stefan', '1264', NULL),
(114, 'Kosorić', 'Bojana', '944', NULL),
(115, 'Kostić', 'Anja', '1014', NULL),
(116, 'Kovač', 'Ðorđe', '887', NULL),
(117, 'Kovač', 'Ivan', '928', NULL),
(118, 'Kovačević', 'Aleksandar', '1098', NULL),
(119, 'Kovačević', 'Miljan', '1001', NULL),
(120, 'Kovačević', 'Radoje', '1394', NULL),
(121, 'Kovačević', 'Srđan', '1000', NULL),
(122, 'Kovačina', 'Milan', '1383', NULL),
(123, 'Košarac', 'Olja', '1054', NULL),
(124, 'Krajišnik', 'Slađana', '1038', NULL),
(125, 'Kremenović', 'Miroslav', '722', NULL),
(126, 'Krljaš', 'Anđela', '1194', NULL),
(127, 'Krunić', 'Milan', '1104', NULL),
(128, 'Krunić', 'Vanja', '1210', NULL),
(129, 'Kujundžić', 'Miloš', '1270', NULL),
(130, 'Kukričar', 'Slaviša', '1258', NULL),
(131, 'Kulina', 'Nevena', '1375', NULL),
(132, 'Kundačina', 'Milica', '1109', NULL),
(133, 'Kurteš', 'Igor', '391', NULL),
(134, 'Kuvač', 'Siniša', '1337', NULL),
(135, 'Kuvelja', 'Mladen', '968', NULL),
(136, 'Kuzmanović', 'Milica', '1362', NULL),
(137, 'Kuzmanović', 'Slobodan', '1244', NULL),
(138, 'Lackanović', 'Marko', '1161', NULL),
(139, 'Lakić', 'Miljan', '1370', NULL),
(140, 'Lalić', 'Vladan', '1209', NULL),
(141, 'Lalović', 'Danka', '1367', NULL),
(142, 'Lalović', 'Mladen', '1106', NULL),
(143, 'Lambeta', 'Petar', '877', NULL),
(144, 'Lazić', 'Dragan', '1216', NULL),
(145, 'Lazović', 'Dejan', '955', NULL),
(146, 'Ljubibratić', 'Marko', '1301', NULL),
(147, 'Ljubibratić', 'Milorad', '1256', NULL),
(148, 'Lojanica', 'Aleksandar', '1341', NULL),
(149, 'Lojanica', 'Konstantin', '1143', NULL),
(150, 'Lojpur', 'Ognjen', '1230', NULL),
(151, 'Lukić', 'Miloš', '1249', NULL),
(152, 'Lukić', 'Nemanja', '1360', NULL),
(153, 'Mališ', 'Vlade', '1334', NULL),
(154, 'Mamuzić', 'Marko', '775', NULL),
(155, 'Mandarić', 'Miloš', '543', NULL),
(156, 'Mandrapa', 'Srđan', '1070', NULL),
(157, 'Manjak', 'Nikola', '1226', NULL),
(158, 'Maravić', 'Maja', '1255', NULL),
(159, 'Marić', 'Ivana', '608', NULL),
(160, 'Marjanović', 'Andrea', '1386', NULL),
(161, 'Marjanović', 'Marko', '1300', NULL),
(162, 'Marjanović', 'Milenko', '1345', NULL),
(163, 'Markanović', 'Vedran', '813', NULL),
(164, 'Marković', 'Marko', '972', NULL),
(165, 'Marković', 'Mirko', '1377', NULL),
(166, 'Matić', 'Aleksandra', '1376', NULL),
(167, 'Matić', 'Boris', '1125', NULL),
(168, 'Matić', 'Marko', '1034', NULL),
(169, 'Mešević', 'Eldin', '1198', NULL),
(170, 'Mičić', 'Bojan', '993', NULL),
(171, 'Mihajlović', 'Rade', '1273', NULL),
(172, 'Milidragović', 'Nemanja', '1269', NULL),
(173, 'Milićević', 'Branka', '1398', NULL),
(174, 'Milićević', 'Nikola', '1292', NULL),
(175, 'Milošević', 'Biljana', '865', NULL),
(176, 'Mirković', 'Sandra', '917', NULL),
(177, 'Mitrić', 'Aleksandar', '1127', NULL),
(178, 'Mitrović', 'Branislav', '1129', NULL),
(179, 'Mišković', 'Stefan', '1385', NULL),
(180, 'Močević', 'Marko', '1297', NULL),
(181, 'Močević', 'Mile', '1311', NULL),
(182, 'Motika', 'Dragana', '1177', NULL),
(183, 'Motika', 'Ivana', '1326', NULL),
(184, 'Motika', 'Žarka', '1007', NULL),
(185, 'Mrkaja', 'Dejan', '1035', NULL),
(186, 'Mrkajić', 'Miloš', '1019', NULL),
(187, 'Mrković', 'Miro', '346', NULL),
(188, 'Mumalo', 'Zoran', '997', NULL),
(189, 'Mumović', 'Ivana', '1246', NULL),
(190, 'Mušinović', 'Adela', '1313', NULL),
(191, 'Neziri', 'Hadis', '1317', NULL),
(192, 'Nikolić', 'Darko', '563', NULL),
(193, 'Nikolić', 'Jovana', '1335', NULL),
(194, 'Nikolić', 'Miloš', '1388', NULL),
(195, 'Ninić', 'Svjetlana', '866', NULL),
(196, 'Ninić', 'Zdravko', '1003', NULL),
(197, 'Ninković', 'Marko', '1151', NULL),
(198, 'Ninković', 'Peko', '1322', NULL),
(199, 'Nišić', 'Nikola', '1346', NULL),
(200, 'Odović', 'Damjan', '1228', NULL),
(201, 'Okuka', 'Miloš', '1139', NULL),
(202, 'Otović', 'Borislav', '1304', NULL),
(203, 'Pajić', 'Vladan', '1222', NULL),
(204, 'Pandžić', 'Jovana', '1176', NULL),
(205, 'Panić', 'Aleksandar', '1074', NULL),
(206, 'Parežanin', 'Ognjen', '1115', NULL),
(207, 'Pavlović', 'Ivana', '1239', NULL),
(208, 'Perić', 'Stevo', '1389', NULL),
(209, 'Petković', 'Biljana', '919', NULL),
(210, 'Petković', 'Ljiljana', '1031', NULL),
(211, 'Petković', 'Mirjana', '1365', NULL),
(212, 'Petrić', 'Ognjen', '1215', NULL),
(213, 'Petrović', 'Maksim', '1272', NULL),
(214, 'Petrović', 'Zorica', '1348', NULL),
(215, 'Pikić', 'Ivona', '802', NULL),
(216, 'Pištalo', 'Dejan', '1259', NULL),
(217, 'Pjević', 'Darko', '976', NULL),
(218, 'Plećaš', 'Ognjen', '447', NULL),
(219, 'Poluga', 'Nikola', '1262', NULL),
(220, 'Popić', 'Srđan', '1379', NULL),
(221, 'Pravdić', 'Marko', '1075', NULL),
(222, 'Pribilović', 'Nedeljko', '1203', NULL),
(223, 'Prosjanović', 'Enes', '1391', NULL),
(224, 'Pujić', 'Duško', '1382', NULL),
(225, 'Purić', 'Branko', '1319', NULL),
(226, 'Purković', 'Nikica', '1227', NULL),
(227, 'Radović', 'Dragan', '1126', NULL),
(228, 'Radović', 'Dušan', '1189', NULL),
(229, 'Radović', 'Srđan', '1372', NULL),
(230, 'Rakita', 'Jelena', '649', NULL),
(231, 'Rakić', 'Milica', '1328', NULL),
(232, 'Ratković', 'Miljan', '1347', NULL),
(233, 'Ratković', 'Srđan', '1257', NULL),
(234, 'Ristanović', 'Branislav', '906', NULL),
(235, 'Ristić', 'Radica', '1287', NULL),
(236, 'Ristović', 'Miloš', '1353', NULL),
(237, 'Rudić', 'Jovan', '1276', NULL),
(238, 'Rudić', 'Nebojša', '1121', NULL),
(239, 'Ruljić', 'Miljan', '1247', NULL),
(240, 'Ruljić', 'Srđan', '1105', NULL),
(241, 'Samardžija', 'Milica', '1245', NULL),
(242, 'Samardžić', 'Darka', '1140', NULL),
(243, 'Samardžić', 'Ðorđe', '1207', NULL),
(244, 'Samardžić', 'Milan', '1005', NULL),
(245, 'Samardžić', 'Sanja', '986', NULL),
(246, 'Savić', 'Danilo', '1122', NULL),
(247, 'Savić', 'Nemanja', '1324', NULL),
(248, 'Savić', 'Slaviša', '1039', NULL),
(249, 'Savić', 'Slavko', '1252', NULL),
(250, 'Sekulić', 'Dejan', '1392', NULL),
(251, 'Simanić', 'Ognjen', '1170', NULL),
(252, 'Simeunović', 'Nemanja', '1041', NULL),
(253, 'Skočo', 'Srđan', '1279', NULL),
(254, 'Sladoje', 'Maja', '553', NULL),
(255, 'Slijepčević', 'Božidar', '1310', NULL),
(256, 'Soldo', 'Spaso', '1111', NULL),
(257, 'Spaić', 'Dragan', '1165', NULL),
(258, 'Spasojević', 'Radovan', '1152', NULL),
(259, 'Srdanović', 'Gordana', '1351', NULL),
(260, 'Stamenić', 'Svetlana', '1229', NULL),
(261, 'Stanić', 'Vanja', '646', NULL),
(262, 'Stanišić', 'Mileta', '1330', NULL),
(263, 'Stašević', 'Vukašin', '1378', NULL),
(264, 'Stevanović', 'Miloš', '1350', NULL),
(265, 'Stjepanović', 'Slobodan', '1162', NULL),
(266, 'Stjepić', 'Srećko', '1137', NULL),
(267, 'Stojanović', 'Boban', '1320', NULL),
(268, 'Stojanović', 'Darijo', '833', NULL),
(269, 'Stupar', 'Bojana', '1148', NULL),
(270, 'Stupar', 'Nebojša', '806', NULL),
(271, 'Stupar', 'Radan', '1342', NULL),
(272, 'Stuparević', 'Rado', '1339', NULL),
(273, 'Subotić', 'Bojan', '1344', NULL),
(274, 'Subotić', 'Novica', '405', NULL),
(275, 'Sudžum', 'Dragana', '1167', NULL),
(276, 'Sudžum', 'Slobodan', '949', NULL),
(277, 'Sušić', 'Bojan', '790', NULL),
(278, 'Tanasijević', 'Nikola', '1296', NULL),
(279, 'Tanić', 'Danijel', '956', NULL),
(280, 'Terzić', 'Stefan', '1364', NULL),
(281, 'Tešić', 'Ilija', '947', NULL),
(282, 'Timotija', 'Milan', '1283', NULL),
(283, 'Todorović', 'Dragan', '1271', NULL),
(284, 'Todorović', 'Milijana', '1147', NULL),
(285, 'Todorović', 'Nikola', '1274', NULL),
(286, 'Todorović', 'Radovan', '1251', NULL),
(287, 'Tolj', 'Stefan', '1142', NULL),
(288, 'Tomić', 'Dimitrija', '1153', NULL),
(289, 'Tošić', 'Dejan', '1253', NULL),
(290, 'Tošić', 'Sanja', '1289', NULL),
(291, 'Tošić', 'Zoran', '1329', NULL),
(292, 'Trivković', 'Milan', '1004', NULL),
(293, 'Tubić', 'Veljko', '998', NULL),
(294, 'Tuševljak', 'Jovana', '966', NULL),
(295, 'Uljarević', 'Radovan', '1201', NULL),
(296, 'Uložnik', 'Stanislav', '1086', NULL),
(297, 'Vasiljević', 'Predrag', '1021', NULL),
(298, 'Vasić', 'Darko', '1053', NULL),
(299, 'Vasić', 'Nemanja', '1154', NULL),
(300, 'Vasković', 'Milijana', '1237', NULL),
(301, 'Veselinović', 'Aleksandar', '1356', NULL),
(302, 'Veselinović', 'Anja', '1331', NULL),
(303, 'Vidović', 'Gojko', '1338', NULL),
(304, 'Vitković', 'Jelena', '1220', NULL),
(305, 'Vlaški', 'Irena', '989', NULL),
(306, 'Vrančić', 'Marko', '1343', NULL),
(307, 'Vučetić', 'Nikola', '1290', NULL),
(308, 'Vučetić', 'Tamara', '1291', NULL),
(309, 'Vučičević', 'Stefan', '1123', NULL),
(310, 'Vučinić', 'Milica', '1132', NULL),
(311, 'Vujadinović', 'Aleksandra', '1204', NULL),
(312, 'Vujadinović', 'Milica', '1015', NULL),
(313, 'Vujičić', 'Ranka', '1314', NULL),
(314, 'Vukadin', 'Ratomir', '1214', NULL),
(315, 'Vukašinović', 'Stefan', '1374', NULL),
(316, 'Vukčević', 'Ognjen', '1268', NULL),
(317, 'Vukotić', 'Dejan', '473', NULL),
(318, 'Vuković', 'Dragana', '1095', NULL),
(319, 'Vuković', 'Miladin', '758', NULL),
(320, 'Vuković', 'Miloš', '999', NULL),
(321, 'Vuković', 'Nemanja', '1336', NULL),
(322, 'Vuković', 'Ognjen', '1266', NULL),
(323, 'Vulić', 'Isidora', '778', NULL),
(324, 'Zec', 'Lena', '1233', NULL),
(325, 'Ziroja', 'Dojčin', '1234', NULL),
(326, 'Ćirković', 'Stefan', '1333', NULL),
(327, 'Ćosović', 'Vedrana', '784', NULL),
(328, 'Ćuk', 'Marko', '1061', NULL),
(329, 'Šabanović', 'Ernad', '1186', NULL),
(330, 'Šaraba', 'Dragan', '1056', NULL),
(331, 'Šarenac', 'Goran', '1179', NULL),
(332, 'Šarović', 'Dušan', '990', NULL),
(333, 'Šehovac', 'Milica', '800', NULL),
(334, 'Šehovac', 'Tatjana', '1352', NULL),
(335, 'Šećerović', 'Maja', '1397', NULL),
(336, 'Šikuljak', 'Vanja', '1008', NULL),
(337, 'Šilj', 'Savo', '1208', NULL),
(338, 'Škipina', 'Dragana', '1250', NULL),
(339, 'Škipina', 'Miljan', '1242', NULL),
(340, 'Šušnjević', 'Dragan', '907', NULL),
(341, 'Žerajić', 'Bojan', '472', NULL),
(342, 'Živanović', 'Darko', '1144', NULL),
(343, 'Živković', 'Njegoš', '1174', NULL),
(344, 'Žuža', 'Dejan', '824', NULL),
(345, 'Žuža', 'Žarko', '1112', NULL);

--
-- Constraints for dumped tables
--

--
-- Constraints for table `kartice`
--
ALTER TABLE `kartice`
  ADD CONSTRAINT `fk_ima` FOREIGN KEY (`student_id`) REFERENCES `student` (`id`),
  ADD CONSTRAINT `fk_posjeduje` FOREIGN KEY (`nastavnik_id`) REFERENCES `nastavnik` (`id`);

--
-- Constraints for table `nastava`
--
ALTER TABLE `nastava`
  ADD CONSTRAINT `fk_odrzava_u` FOREIGN KEY (`resursi_id`) REFERENCES `resursi` (`id`),
  ADD CONSTRAINT `fk_predaje` FOREIGN KEY (`nastavnik_id`) REFERENCES `nastavnik` (`id`),
  ADD CONSTRAINT `fk_se_odrzava` FOREIGN KEY (`predmet_id`) REFERENCES `predmet` (`id`);

--
-- Constraints for table `posjeduje_predmet`
--
ALTER TABLE `posjeduje_predmet`
  ADD CONSTRAINT `fk_posjeduje_predmet` FOREIGN KEY (`nastavnik_id`) REFERENCES `nastavnik` (`id`),
  ADD CONSTRAINT `fk_posjeduje_predmet2` FOREIGN KEY (`predmet_id`) REFERENCES `predmet` (`id`);

--
-- Constraints for table `prisustvo`
--
ALTER TABLE `prisustvo`
  ADD CONSTRAINT `fk_prisustvuje` FOREIGN KEY (`student_id`) REFERENCES `student` (`id`),
  ADD CONSTRAINT `fk_sadrzi` FOREIGN KEY (`nastava_id`) REFERENCES `nastava` (`id`);

/*!40101 SET CHARACTER_SET_CLIENT=@OLD_CHARACTER_SET_CLIENT */;
/*!40101 SET CHARACTER_SET_RESULTS=@OLD_CHARACTER_SET_RESULTS */;
/*!40101 SET COLLATION_CONNECTION=@OLD_COLLATION_CONNECTION */;
